<?xml version="1.0" encoding="UTF-8"?>
<kml xmlns="http://www.opengis.net/kml/2.2">
<Document>
  <n>Seismic Clusters — 2026-09-29 23:11:23 UTC</n>
  <Style id="cluster_USGS">
    <IconStyle><color>ff3333ff</color><scale>1.2</scale>
      <Icon><href>http://maps.google.com/mapfiles/kml/paddle/red-circle.png</href></Icon>
    </IconStyle><LabelStyle><scale>0</scale></LabelStyle></Style>
  <Style id="cluster_EMSC">
    <IconStyle><color>ff33cc33</color><scale>1.2</scale>
      <Icon><href>http://maps.google.com/mapfiles/kml/paddle/red-circle.png</href></Icon>
    </IconStyle><LabelStyle><scale>0</scale></LabelStyle></Style>
  <Style id="cluster_ISC">
    <IconStyle><color>ff0088ff</color><scale>1.2</scale>
      <Icon><href>http://maps.google.com/mapfiles/kml/paddle/red-circle.png</href></Icon>
    </IconStyle><LabelStyle><scale>0</scale></LabelStyle></Style>
  <Style id="cluster_GFZ">
    <IconStyle><color>ffff33cc</color><scale>1.2</scale>
      <Icon><href>http://maps.google.com/mapfiles/kml/paddle/red-circle.png</href></Icon>
    </IconStyle><LabelStyle><scale>0</scale></LabelStyle></Style>
  <Style id="cluster_IRIS">
    <IconStyle><color>ffffcc00</color><scale>1.2</scale>
      <Icon><href>http://maps.google.com/mapfiles/kml/paddle/red-circle.png</href></Icon>
    </IconStyle><LabelStyle><scale>0</scale></LabelStyle></Style>
  <Style id="cluster_MULTI">
    <IconStyle><color>ff00ffff</color><scale>1.2</scale>
      <Icon><href>http://maps.google.com/mapfiles/kml/paddle/red-circle.png</href></Icon>
    </IconStyle><LabelStyle><scale>0</scale></LabelStyle></Style>
  <Style id="isolated">
    <IconStyle><color>ffddaa88</color><scale>0.7</scale>
      <Icon><href>http://maps.google.com/mapfiles/kml/shapes/shaded_dot.png</href></Icon>
    </IconStyle><LabelStyle><scale>0</scale></LabelStyle></Style>
  <Folder><n>🔴 Clusters</n>
    <Placemark>
      <n>M1.3 — WESTERN TURKEY</n>
      <description>Network: EMSC
Time: 2026-09-29 01:06:09 UTC
Magnitude: 1.3  Depth: 7.7 km (very shallow)
Prev: 1369.0 km | Next: 71.3 km
Fault: 5km from Unknown (ON FAULT)</description>
      <styleUrl>#cluster_EMSC</styleUrl>
      <Point><coordinates>27.9563,38.658,0</coordinates></Point>
    </Placemark>
    <Placemark>
      <n>M1.3 — WESTERN TURKEY</n>
      <description>Network: MULTI
Time: 2026-09-29 01:17:24 UTC
Magnitude: 1.3  Depth: 7.0 km (very shallow)
Prev: 71.3 km | Next: 11991.8 km
Fault: 1km from Unknown (ON FAULT)</description>
      <styleUrl>#cluster_MULTI</styleUrl>
      <Point><coordinates>27.1472,38.7727,0</coordinates></Point>
    </Placemark>
    <Placemark>
      <n>M5.3 — LOYALTY ISLANDS</n>
      <description>Network: EMSC
Time: 2026-09-29 03:23:54 UTC
Magnitude: 5.3  Depth: 8.0 km (very shallow) ⚠️ SHALLOWING
Prev: 10318.2 km | Next: 12.1 km
Fault: 22km from Unknown (near fault)</description>
      <styleUrl>#cluster_EMSC</styleUrl>
      <Point><coordinates>168.4483,-20.969,0</coordinates></Point>
    </Placemark>
    <Placemark>
      <n>M5.3 — 76 km NE of Tadine, New Caledonia</n>
      <description>Network: EMSC
Time: 2026-09-29 03:23:54 UTC
Magnitude: 5.3  Depth: 10.0 km (very shallow)
Prev: 12.1 km | Next: 15814.7 km
Fault: 31km from Unknown (near fault)</description>
      <styleUrl>#cluster_EMSC</styleUrl>
      <Point><coordinates>168.4092,-21.0716,0</coordinates></Point>
    </Placemark>
    <Placemark>
      <n>M4.8 — SOUTH SANDWICH ISLANDS REGION</n>
      <description>Network: EMSC
Time: 2026-09-29 06:38:46 UTC
Magnitude: 4.8  Depth: 21.0 km (shallow)
Prev: 12148.6 km | Next: 17.3 km
Fault: 34km from Unknown (near fault)</description>
      <styleUrl>#cluster_EMSC</styleUrl>
      <Point><coordinates>-28.2391,-55.3456,0</coordinates></Point>
    </Placemark>
    <Placemark>
      <n>M4.8 — South Sandwich Islands region</n>
      <description>Network: EMSC
Time: 2026-09-29 06:38:49 UTC
Magnitude: 4.8  Depth: 35.0 km (shallow)
Prev: 17.3 km | Next: 12090.9 km
Fault: 26km from Unknown (near fault)</description>
      <styleUrl>#cluster_EMSC</styleUrl>
      <Point><coordinates>-28.4628,-55.2555,0</coordinates></Point>
    </Placemark>
    <Placemark>
      <n>M3.8 — GULF OF CALIFORNIA</n>
      <description>Network: USGS
Time: 2026-09-29 07:55:26 UTC
Magnitude: 3.8  Depth: 10.0 km (very shallow)
Prev: 631.7 km | Next: 17.5 km
Fault: 81km from San Pedro Martir (fault zone)</description>
      <styleUrl>#cluster_USGS</styleUrl>
      <Point><coordinates>-114.282,30.746,0</coordinates></Point>
    </Placemark>
    <Placemark>
      <n>M3.5 — GULF OF CALIFORNIA</n>
      <description>Network: EMSC
Time: 2026-09-29 07:59:07 UTC
Magnitude: 3.5  Depth: 10.0 km (very shallow)
Prev: 17.5 km | Next: 2493.5 km
Fault: 76km from Unknown (fault zone)</description>
      <styleUrl>#cluster_EMSC</styleUrl>
      <Point><coordinates>-114.259,30.59,0</coordinates></Point>
    </Placemark>
    <Placemark>
      <n>M4.5 — 95 km SSW of Ocós, Guatemala</n>
      <description>Network: EMSC
Time: 2026-09-29 08:21:56 UTC
Magnitude: 4.5  Depth: 41.479 km (shallow) ⚠️ SHALLOWING
Prev: 7070.4 km | Next: 20.6 km
Fault: 23km from Unknown (near fault)</description>
      <styleUrl>#cluster_EMSC</styleUrl>
      <Point><coordinates>-92.6345,13.7623,0</coordinates></Point>
    </Placemark>
    <Placemark>
      <n>M4.5 — OFFSHORE GUATEMALA</n>
      <description>Network: USGS
Time: 2026-09-29 08:21:56 UTC
Magnitude: 4.5  Depth: 40.0 km (shallow)
Prev: 20.6 km | Next: 3299.2 km
Fault: 40km from Unknown (near fault)</description>
      <styleUrl>#cluster_USGS</styleUrl>
      <Point><coordinates>-92.4585,13.8327,0</coordinates></Point>
    </Placemark>
    <Placemark>
      <n>M1.4 — EASTERN TURKEY</n>
      <description>Network: EMSC
Time: 2026-09-29 09:04:15 UTC
Magnitude: 1.4  Depth: 7.0 km (very shallow)
Prev: 169.0 km | Next: 86.0 km
Fault: 14km from Unknown (near fault)</description>
      <styleUrl>#cluster_EMSC</styleUrl>
      <Point><coordinates>38.0611,38.2097,0</coordinates></Point>
    </Placemark>
    <Placemark>
      <n>M1.5 — CENTRAL TURKEY</n>
      <description>Network: EMSC
Time: 2026-09-29 09:06:23 UTC
Magnitude: 1.5  Depth: 7.0 km (very shallow)
Prev: 86.0 km | Next: 13874.8 km
Fault: 32km from Unknown (near fault)</description>
      <styleUrl>#cluster_EMSC</styleUrl>
      <Point><coordinates>37.8906,38.9717,0</coordinates></Point>
    </Placemark>
    <Placemark>
      <n>M4.5 — 96 km ENE of Alianza Cristiana, Peru</n>
      <description>Network: EMSC
Time: 2026-09-29 10:22:14 UTC
Magnitude: 4.5  Depth: 134.763 km (intermediate)
Prev: 10628.5 km | Next: 13.0 km
Fault: 213km from TAISHA_FAULT (inter-fault)</description>
      <styleUrl>#cluster_EMSC</styleUrl>
      <Point><coordinates>-75.6413,-3.1213,0</coordinates></Point>
    </Placemark>
    <Placemark>
      <n>M4.5 — NORTHERN PERU</n>
      <description>Network: EMSC
Time: 2026-09-29 10:22:15 UTC
Magnitude: 4.5  Depth: 139.0 km (intermediate)
Prev: 13.0 km | Next: 12342.6 km
Fault: 201km from TAISHA_FAULT (inter-fault)</description>
      <styleUrl>#cluster_EMSC</styleUrl>
      <Point><coordinates>-75.757,-3.1399,0</coordinates></Point>
    </Placemark>
    <Placemark>
      <n>M3.9 — ALASKA PENINSULA</n>
      <description>Network: MULTI
Time: 2026-09-29 10:24:34 UTC
Magnitude: 3.9  Depth: 11.2 km (very shallow) ⚠️ SHALLOWING
Prev: 1032.6 km | Next: 19.6 km
Fault: 93km from Unknown (fault zone)</description>
      <styleUrl>#cluster_MULTI</styleUrl>
      <Point><coordinates>-161.401,54.522,0</coordinates></Point>
    </Placemark>
    <Placemark>
      <n>M4.0 — 64 km SE of King Cove, Alaska</n>
      <description>Network: USGS
Time: 2026-09-29 10:24:37 UTC
Magnitude: 4.0  Depth: 49.875 km (shallow)
Prev: 19.6 km | Next: 716.8 km
Fault: 74km from Unknown (fault zone)</description>
      <styleUrl>#cluster_USGS</styleUrl>
      <Point><coordinates>-161.5901,54.66,0</coordinates></Point>
    </Placemark>
    <Placemark>
      <n>M5.0 — 77 km ENE of Tadine, New Caledonia</n>
      <description>Network: EMSC
Time: 2026-09-29 10:42:57 UTC
Magnitude: 5.0  Depth: 10.0 km (very shallow) ⚠️ SHALLOWING
Prev: 12275.3 km | Next: 13.6 km
Fault: 30km from Unknown (near fault)</description>
      <styleUrl>#cluster_EMSC</styleUrl>
      <Point><coordinates>168.5924,-21.3447,0</coordinates></Point>
    </Placemark>
    <Placemark>
      <n>M5.0 — LOYALTY ISLANDS</n>
      <description>Network: MULTI
Time: 2026-09-29 10:42:59 UTC
Magnitude: 5.0  Depth: 16.0 km (very shallow)
Prev: 13.6 km | Next: 16884.1 km
Fault: 31km from Unknown (near fault)</description>
      <styleUrl>#cluster_MULTI</styleUrl>
      <Point><coordinates>168.5164,-21.2446,0</coordinates></Point>
    </Placemark>
    <Placemark>
      <n>M0.61 — 9 km NE of Aguanga, CA</n>
      <description>Network: USGS
Time: 2026-09-29 11:20:09 UTC
Magnitude: 0.61  Depth: 10.5 km (very shallow)
Prev: 8919.4 km | Next: 24.3 km
Fault: 14km from Earthquake Valley (No  Extension) (near fault)</description>
      <styleUrl>#cluster_USGS</styleUrl>
      <Point><coordinates>-116.79133333333,33.4895,0</coordinates></Point>
    </Placemark>
    <Placemark>
      <n>M0.6 — 4 km SSW of Idyllwild, CA</n>
      <description>Network: USGS
Time: 2026-09-29 11:20:57 UTC
Magnitude: 0.6  Depth: 15.83 km (very shallow)
Prev: 24.3 km | Next: 4047.2 km
Fault: 7km from San Jacinto (Anza) rev (ON FAULT)</description>
      <styleUrl>#cluster_USGS</styleUrl>
      <Point><coordinates>-116.734,33.702833333333,0</coordinates></Point>
    </Placemark>
    <Placemark>
      <n>M4.1 — FLORES REGION, INDONESIA</n>
      <description>Network: EMSC
Time: 2026-09-29 14:14:02 UTC
Magnitude: 4.1  Depth: 141.0 km (intermediate)
Prev: 10325.0 km | Next: 64.9 km
Fault: 53km from Unknown (fault zone)</description>
      <styleUrl>#cluster_EMSC</styleUrl>
      <Point><coordinates>123.69,-8.32,0</coordinates></Point>
    </Placemark>
    <Placemark>
      <n>M5.0 — 58 km NW of Pante Makasar, Timor Leste</n>
      <description>Network: EMSC
Time: 2026-09-29 14:14:06 UTC
Magnitude: 5.0  Depth: 157.801 km (intermediate)
Prev: 64.9 km | Next: 12984.0 km
Fault: 103km from Unknown (fault zone)</description>
      <styleUrl>#cluster_EMSC</styleUrl>
      <Point><coordinates>124.0495,-8.7834,0</coordinates></Point>
    </Placemark>
    <Placemark>
      <n>M1.4 — WESTERN TURKEY</n>
      <description>Network: EMSC
Time: 2026-09-29 14:53:38 UTC
Magnitude: 1.4  Depth: 29.6 km (shallow)
Prev: 11088.7 km | Next: 88.6 km
Fault: 15km from Unknown (near fault)</description>
      <styleUrl>#cluster_EMSC</styleUrl>
      <Point><coordinates>28.9693,37.1263,0</coordinates></Point>
    </Placemark>
    <Placemark>
      <n>M1.5 — WESTERN TURKEY</n>
      <description>Network: USGS
Time: 2026-09-29 14:58:46 UTC
Magnitude: 1.5  Depth: 7.0 km (very shallow) ⚠️ SHALLOWING
Prev: 88.6 km | Next: 11350.4 km
Fault: 2km from Unknown (ON FAULT)</description>
      <styleUrl>#cluster_USGS</styleUrl>
      <Point><coordinates>27.9718,37.0832,0</coordinates></Point>
    </Placemark>
    <Placemark>
      <n>M4.6 — West Chile Rise</n>
      <description>Network: USGS
Time: 2026-09-29 15:31:18 UTC
Magnitude: 4.6  Depth: 10.0 km (very shallow) ⚠️ SHALLOWING
Prev: 15271.9 km | Next: 72.2 km
Fault: 1km from Unknown (ON FAULT)</description>
      <styleUrl>#cluster_USGS</styleUrl>
      <Point><coordinates>-91.4145,-40.9373,0</coordinates></Point>
    </Placemark>
    <Placemark>
      <n>M4.6 — SOUTHEAST OF EASTER ISLAND</n>
      <description>Network: EMSC
Time: 2026-09-29 15:31:22 UTC
Magnitude: 4.6  Depth: 10.0 km (very shallow)
Prev: 72.2 km | Next: 12572.4 km
Fault: 60km from Unknown (fault zone)</description>
      <styleUrl>#cluster_EMSC</styleUrl>
      <Point><coordinates>-91.96,-41.44,0</coordinates></Point>
    </Placemark>
    <Placemark>
      <n>M1.7 — 5 km WNW of The Geysers, CA</n>
      <description>Network: USGS
Time: 2026-09-29 15:54:12 UTC
Magnitude: 1.7  Depth: 2.9100000858307 km (very shallow) ⚠️ SHALLOWING
Prev: 11181.9 km | Next: 3.8 km
Fault: 8km from Collayami 2011 CFM (ON FAULT)</description>
      <styleUrl>#cluster_USGS</styleUrl>
      <Point><coordinates>-122.80850219727,38.794166564941,0</coordinates></Point>
    </Placemark>
    <Placemark>
      <n>M1.13 — 8 km NW of The Geysers, CA</n>
      <description>Network: USGS
Time: 2026-09-29 15:59:52 UTC
Magnitude: 1.13  Depth: 2.170000076294 km (very shallow)
Prev: 3.8 km | Next: 11054.7 km
Fault: 6km from Collayami 2011 CFM (ON FAULT)</description>
      <styleUrl>#cluster_USGS</styleUrl>
      <Point><coordinates>-122.81500244141,38.827667236328,0</coordinates></Point>
    </Placemark>
    <Placemark>
      <n>M2.2 — NORTHERN CALIFORNIA</n>
      <description>Network: EMSC
Time: 2026-09-29 21:47:04 UTC
Magnitude: 2.2  Depth: 4.3 km (very shallow)
Prev: 11528.5 km | Next: 55.4 km
Fault: 15km from Rodgers Creek - Healdsburg 2011 CFM (near fault)</description>
      <styleUrl>#cluster_EMSC</styleUrl>
      <Point><coordinates>-122.8008,38.3233,0</coordinates></Point>
    </Placemark>
    <Placemark>
      <n>M1.04 — 7 km NW of The Geysers, CA</n>
      <description>Network: USGS
Time: 2026-09-29 21:48:49 UTC
Magnitude: 1.04  Depth: 2.6500000953674 km (very shallow)
Prev: 55.4 km | Next: 6144.5 km
Fault: 6km from Collayami 2011 CFM (ON FAULT)</description>
      <styleUrl>#cluster_USGS</styleUrl>
      <Point><coordinates>-122.80999755859,38.82149887085,0</coordinates></Point>
    </Placemark>
  </Folder>
  <Folder><n>⚪ Isolated</n>
    <Placemark>
      <n>M1.1 — 6 km ENE of Fox, Alaska</n>
      <description>Network: USGS
Time: 2026-09-28 23:11:35 UTC
Magnitude: 1.1  Depth: 4.3 km
Fault: 87km from Unknown (fault zone)</description>
      <styleUrl>#isolated</styleUrl>
      <Point><coordinates>-147.482,64.972,0</coordinates></Point>
    </Placemark>
    <Placemark>
      <n>M2.6 — TARAPACA, CHILE</n>
      <description>Network: EMSC
Time: 2026-09-28 23:17:01 UTC
Magnitude: 2.6  Depth: 97.7 km
Fault: 68km from Atajaña (fault zone)</description>
      <styleUrl>#isolated</styleUrl>
      <Point><coordinates>-69.41,-18.96,0</coordinates></Point>
    </Placemark>
    <Placemark>
      <n>M2.7 — CORDOBA, ARGENTINA</n>
      <description>Network: EMSC
Time: 2026-09-28 23:17:42 UTC
Magnitude: 2.7  Depth: 192.0 km
Fault: 65km from Grupo de fallas Sierra de San Marcos (fault zone)</description>
      <styleUrl>#isolated</styleUrl>
      <Point><coordinates>-65.37,-30.86,0</coordinates></Point>
    </Placemark>
    <Placemark>
      <n>M1.5 — SPAIN</n>
      <description>Network: EMSC
Time: 2026-09-28 23:17:45 UTC
Magnitude: 1.5  Depth: 0.0 km
Fault: 18km from Unknown (near fault)</description>
      <styleUrl>#isolated</styleUrl>
      <Point><coordinates>-2.2217,37.2978,0</coordinates></Point>
    </Placemark>
    <Placemark>
      <n>M2.29 — 5 km SW of Guánica, Puerto Rico</n>
      <description>Network: MULTI
Time: 2026-09-28 23:19:34 UTC
Magnitude: 2.29  Depth: 7.27 km
Fault: 21km from South Lajas Fault (near fault)</description>
      <styleUrl>#isolated</styleUrl>
      <Point><coordinates>-66.943,17.9325,0</coordinates></Point>
    </Placemark>
    <Placemark>
      <n>M1.0 — WESTERN TURKEY</n>
      <description>Network: EMSC
Time: 2026-09-28 23:23:20 UTC
Magnitude: 1.0  Depth: 13.1 km
Fault: 0km from Unknown (ON FAULT)</description>
      <styleUrl>#isolated</styleUrl>
      <Point><coordinates>28.1427,39.2152,0</coordinates></Point>
    </Placemark>
    <Placemark>
      <n>M1.75 — 4 km S of Pāhala, Hawaii</n>
      <description>Network: EMSC
Time: 2026-09-28 23:24:23 UTC
Magnitude: 1.75  Depth: 33.180000305176 km
Fault: 0km from Unknown (ON FAULT)</description>
      <styleUrl>#isolated</styleUrl>
      <Point><coordinates>-155.48599243164,19.164667129517,0</coordinates></Point>
    </Placemark>
    <Placemark>
      <n>M1.4 — CENTRAL TURKEY</n>
      <description>Network: MULTI
Time: 2026-09-28 23:29:34 UTC
Magnitude: 1.4  Depth: 7.0 km
Fault: 14km from Unknown (near fault)</description>
      <styleUrl>#isolated</styleUrl>
      <Point><coordinates>32.0758,37.5882,0</coordinates></Point>
    </Placemark>
    <Placemark>
      <n>M3.6 — FLORES SEA</n>
      <description>Network: EMSC
Time: 2026-09-28 23:29:55 UTC
Magnitude: 3.6  Depth: 18.0 km
Fault: 2km from Unknown (ON FAULT)</description>
      <styleUrl>#isolated</styleUrl>
      <Point><coordinates>120.96,-7.93,0</coordinates></Point>
    </Placemark>
    <Placemark>
      <n>M1.43 — 6 km NNW of Dutch Harbor, Alaska</n>
      <description>Network: USGS
Time: 2026-09-28 23:31:27 UTC
Magnitude: 1.43  Depth: 10.59 km
Fault: 165km from Unknown (inter-fault)</description>
      <styleUrl>#isolated</styleUrl>
      <Point><coordinates>-166.5745,53.943666666667,0</coordinates></Point>
    </Placemark>
    <Placemark>
      <n>M1.5 — 78 km W of Karluk, Alaska</n>
      <description>Network: EMSC
Time: 2026-09-28 23:35:37 UTC
Magnitude: 1.5  Depth: 19.7 km
Fault: 165km from Unknown (inter-fault)</description>
      <styleUrl>#isolated</styleUrl>
      <Point><coordinates>-155.746,57.699,0</coordinates></Point>
    </Placemark>
    <Placemark>
      <n>M0.02 — 8 km NNW of Dutch Harbor, Alaska</n>
      <description>Network: EMSC
Time: 2026-09-28 23:38:32 UTC
Magnitude: 0.02  Depth: 9.01 km
Fault: 167km from Unknown (inter-fault)</description>
      <styleUrl>#isolated</styleUrl>
      <Point><coordinates>-166.61,53.955833333333,0</coordinates></Point>
    </Placemark>
    <Placemark>
      <n>M2.0 — WESTERN TURKEY</n>
      <description>Network: USGS
Time: 2026-09-28 23:40:32 UTC
Magnitude: 2.0  Depth: 11.5 km
Fault: 7km from Unknown (ON FAULT)</description>
      <styleUrl>#isolated</styleUrl>
      <Point><coordinates>28.9395,39.2448,0</coordinates></Point>
    </Placemark>
    <Placemark>
      <n>M1.3 — EASTERN TURKEY</n>
      <description>Network: USGS
Time: 2026-09-28 23:45:20 UTC
Magnitude: 1.3  Depth: 7.4 km
Fault: 1km from Unknown (ON FAULT)</description>
      <styleUrl>#isolated</styleUrl>
      <Point><coordinates>41.8428,39.8377,0</coordinates></Point>
    </Placemark>
    <Placemark>
      <n>M3.5 — OFFSHORE CHIAPAS, MEXICO</n>
      <description>Network: USGS
Time: 2026-09-28 23:51:20 UTC
Magnitude: 3.5  Depth: 17.0 km
Fault: 77km from Unknown (fault zone)</description>
      <styleUrl>#isolated</styleUrl>
      <Point><coordinates>-92.555,14.295,0</coordinates></Point>
    </Placemark>
    <Placemark>
      <n>M1.4 — WESTERN TURKEY</n>
      <description>Network: EMSC
Time: 2026-09-28 23:53:37 UTC
Magnitude: 1.4  Depth: 12.7 km
Fault: 2km from Unknown (ON FAULT)</description>
      <styleUrl>#isolated</styleUrl>
      <Point><coordinates>28.1475,39.2372,0</coordinates></Point>
    </Placemark>
    <Placemark>
      <n>M3.4 — FLORES SEA</n>
      <description>Network: EMSC
Time: 2026-09-28 23:54:00 UTC
Magnitude: 3.4  Depth: 10.0 km
Fault: 18km from Unknown (near fault)</description>
      <styleUrl>#isolated</styleUrl>
      <Point><coordinates>120.53,-7.98,0</coordinates></Point>
    </Placemark>
    <Placemark>
      <n>M4.5 — NEAR EAST COAST OF KAMCHATKA</n>
      <description>Network: EMSC
Time: 2026-09-29 00:05:23 UTC
Magnitude: 4.5  Depth: 35.0 km
Fault: 104km from Unknown (fault zone)</description>
      <styleUrl>#isolated</styleUrl>
      <Point><coordinates>161.4894,54.477,0</coordinates></Point>
    </Placemark>
    <Placemark>
      <n>M0.4 — 15 km SE of Anza, CA</n>
      <description>Network: EMSC
Time: 2026-09-29 00:09:30 UTC
Magnitude: 0.4  Depth: 12.09 km
Fault: 3km from San Jacinto (Coyote Creek) (ON FAULT)</description>
      <styleUrl>#isolated</styleUrl>
      <Point><coordinates>-116.5695,33.4555,0</coordinates></Point>
    </Placemark>
    <Placemark>
      <n>M4.4 — GULF OF ADEN</n>
      <description>Network: EMSC
Time: 2026-09-29 00:11:43 UTC
Magnitude: 4.4  Depth: 10.0 km
Fault: 30km from Unknown (near fault)</description>
      <styleUrl>#isolated</styleUrl>
      <Point><coordinates>51.1674,13.5174,0</coordinates></Point>
    </Placemark>
    <Placemark>
      <n>M3.7 — OFF THE COAST OF EL SALVADOR</n>
      <description>Network: MULTI
Time: 2026-09-29 00:12:48 UTC
Magnitude: 3.7  Depth: 12.0 km
Fault: 18km from Middle America Trench megathrust (near fault)</description>
      <styleUrl>#isolated</styleUrl>
      <Point><coordinates>-90.144,12.23,0</coordinates></Point>
    </Placemark>
    <Placemark>
      <n>M1.6 — EASTERN TURKEY</n>
      <description>Network: USGS
Time: 2026-09-29 00:18:45 UTC
Magnitude: 1.6  Depth: 12.7 km
Fault: 3km from Unknown (ON FAULT)</description>
      <styleUrl>#isolated</styleUrl>
      <Point><coordinates>39.1472,38.391,0</coordinates></Point>
    </Placemark>
    <Placemark>
      <n>M1.5 — CANARY ISLANDS, SPAIN REGION</n>
      <description>Network: USGS
Time: 2026-09-29 00:23:26 UTC
Magnitude: 1.5  Depth: 25.6 km
Fault: unavailable</description>
      <styleUrl>#isolated</styleUrl>
      <Point><coordinates>-16.563,28.0391,0</coordinates></Point>
    </Placemark>
    <Placemark>
      <n>M1.78 — 27 km SSW of False Pass, Alaska</n>
      <description>Network: MULTI
Time: 2026-09-29 00:23:43 UTC
Magnitude: 1.78  Depth: 6.28 km
Fault: 117km from Unknown (fault zone)</description>
      <styleUrl>#isolated</styleUrl>
      <Point><coordinates>-163.55166666667,54.6245,0</coordinates></Point>
    </Placemark>
    <Placemark>
      <n>M1.8 — WESTERN TURKEY</n>
      <description>Network: USGS
Time: 2026-09-29 00:32:00 UTC
Magnitude: 1.8  Depth: 12.4 km
Fault: 7km from Unknown (ON FAULT)</description>
      <styleUrl>#isolated</styleUrl>
      <Point><coordinates>29.6161,36.399,0</coordinates></Point>
    </Placemark>
    <Placemark>
      <n>M3.0 — MINDANAO, PHILIPPINES</n>
      <description>Network: EMSC
Time: 2026-09-29 00:32:30 UTC
Magnitude: 3.0  Depth: 141.0 km
Fault: 10km from Offshore Davao Gulf (ON FAULT)</description>
      <styleUrl>#isolated</styleUrl>
      <Point><coordinates>125.76,6.14,0</coordinates></Point>
    </Placemark>
    <Placemark>
      <n>M2.8 — ANTOFAGASTA, CHILE</n>
      <description>Network: EMSC
Time: 2026-09-29 00:35:03 UTC
Magnitude: 2.8  Depth: 98.3 km
Fault: 127km from de Atacama segmento Salar del Carmen? (fault zone)</description>
      <styleUrl>#isolated</styleUrl>
      <Point><coordinates>-68.63,-22.75,0</coordinates></Point>
    </Placemark>
    <Placemark>
      <n>M2.8 — PANAMA-COSTA RICA BORDER REGION</n>
      <description>Network: EMSC
Time: 2026-09-29 00:35:42 UTC
Magnitude: 2.8  Depth: 26.0 km
Fault: 20km from Longitudinal Fault (near fault)</description>
      <styleUrl>#isolated</styleUrl>
      <Point><coordinates>-82.9254,8.8308,0</coordinates></Point>
    </Placemark>
    <Placemark>
      <n>M1.2 — WESTERN TURKEY</n>
      <description>Network: USGS
Time: 2026-09-29 00:41:26 UTC
Magnitude: 1.2  Depth: 7.0 km
Fault: 7km from Unknown (ON FAULT)</description>
      <styleUrl>#isolated</styleUrl>
      <Point><coordinates>29.4042,37.7565,0</coordinates></Point>
    </Placemark>
    <Placemark>
      <n>M2.1 — 13 km SSE of Portage Creek, Alaska</n>
      <description>Network: EMSC
Time: 2026-09-29 00:44:26 UTC
Magnitude: 2.1  Depth: 2.5 km
Fault: 139km from Togiak-Tikchik section (fault zone)</description>
      <styleUrl>#isolated</styleUrl>
      <Point><coordinates>-157.657,58.791,0</coordinates></Point>
    </Placemark>
    <Placemark>
      <n>M2.9 — OFFSHORE ATACAMA, CHILE</n>
      <description>Network: EMSC
Time: 2026-09-29 00:45:36 UTC
Magnitude: 2.9  Depth: 34.0 km
Fault: 78km from Unknown (fault zone)</description>
      <styleUrl>#isolated</styleUrl>
      <Point><coordinates>-70.75,-26.33,0</coordinates></Point>
    </Placemark>
    <Placemark>
      <n>M0.7 — 6 km NNW of Dutch Harbor, Alaska</n>
      <description>Network: EMSC
Time: 2026-09-29 00:47:14 UTC
Magnitude: 0.7  Depth: 11.99 km
Fault: 164km from Unknown (inter-fault)</description>
      <styleUrl>#isolated</styleUrl>
      <Point><coordinates>-166.59233333333,53.937333333333,0</coordinates></Point>
    </Placemark>
    <Placemark>
      <n>M1.7 — SPAIN</n>
      <description>Network: EMSC
Time: 2026-09-29 00:48:20 UTC
Magnitude: 1.7  Depth: 20.5 km
Fault: 102km from Unknown (fault zone)</description>
      <styleUrl>#isolated</styleUrl>
      <Point><coordinates>-8.5337,42.3972,0</coordinates></Point>
    </Placemark>
    <Placemark>
      <n>M2.11 — 16 km WSW of Johannesburg, CA</n>
      <description>Network: EMSC
Time: 2026-09-29 00:51:15 UTC
Magnitude: 2.11  Depth: 6.69 km
Fault: 6km from Garlock (Central) (ON FAULT)</description>
      <styleUrl>#isolated</styleUrl>
      <Point><coordinates>-117.80333333333,35.328333333333,0</coordinates></Point>
    </Placemark>
    <Placemark>
      <n>M1.6 — WESTERN TURKEY</n>
      <description>Network: USGS
Time: 2026-09-29 00:53:11 UTC
Magnitude: 1.6  Depth: 6.9 km
Fault: 2km from Unknown (ON FAULT)</description>
      <styleUrl>#isolated</styleUrl>
      <Point><coordinates>28.8295,40.4258,0</coordinates></Point>
    </Placemark>
    <Placemark>
      <n>M3.3 — VIRGIN ISLANDS REGION</n>
      <description>Network: EMSC
Time: 2026-09-29 00:55:42 UTC
Magnitude: 3.3  Depth: 21.2 km
Fault: 31km from Sombrero Fault (near fault)</description>
      <styleUrl>#isolated</styleUrl>
      <Point><coordinates>-64.1583,18.9122,0</coordinates></Point>
    </Placemark>
    <Placemark>
      <n>M0.99 — 8 km ENE of Gilroy, CA</n>
      <description>Network: USGS
Time: 2026-09-29 00:56:38 UTC
Magnitude: 0.99  Depth: 6.1199998855591 km
Fault: 1km from Calaveras (So) 2011 CFM (ON FAULT)</description>
      <styleUrl>#isolated</styleUrl>
      <Point><coordinates>-121.48899841309,37.039665222168,0</coordinates></Point>
    </Placemark>
    <Placemark>
      <n>M3.3 — FLORES REGION, INDONESIA</n>
      <description>Network: EMSC
Time: 2026-09-29 01:00:05 UTC
Magnitude: 3.3  Depth: 10.0 km
Fault: 58km from Unknown (fault zone)</description>
      <styleUrl>#isolated</styleUrl>
      <Point><coordinates>120.54,-8.35,0</coordinates></Point>
    </Placemark>
    <Placemark>
      <n>M1.6 — WESTERN TURKEY</n>
      <description>Network: MULTI
Time: 2026-09-29 01:00:14 UTC
Magnitude: 1.6  Depth: 6.4 km
Fault: 2km from Unknown (ON FAULT)</description>
      <styleUrl>#isolated</styleUrl>
      <Point><coordinates>28.3362,37.186,0</coordinates></Point>
    </Placemark>
    <Placemark>
      <n>M2.5 — CENTRAL ITALY</n>
      <description>Network: EMSC
Time: 2026-09-29 01:02:33 UTC
Magnitude: 2.5  Depth: 10.6 km
Fault: 16km from Unknown (near fault)</description>
      <styleUrl>#isolated</styleUrl>
      <Point><coordinates>12.9913,43.6848,0</coordinates></Point>
    </Placemark>
    <Placemark>
      <n>M2.5 — ANTOFAGASTA, CHILE</n>
      <description>Network: USGS
Time: 2026-09-29 01:21:03 UTC
Magnitude: 2.5  Depth: 115.3 km
Fault: 72km from Chuculay 3 (fault zone)</description>
      <styleUrl>#isolated</styleUrl>
      <Point><coordinates>-69.04,-21.37,0</coordinates></Point>
    </Placemark>
    <Placemark>
      <n>M1.0 — EASTERN TURKEY</n>
      <description>Network: USGS
Time: 2026-09-29 01:22:13 UTC
Magnitude: 1.0  Depth: 7.0 km
Fault: 2km from Unknown (ON FAULT)</description>
      <styleUrl>#isolated</styleUrl>
      <Point><coordinates>40.7873,39.9408,0</coordinates></Point>
    </Placemark>
    <Placemark>
      <n>M1.6 — TURKEY-IRAN BORDER REGION</n>
      <description>Network: EMSC
Time: 2026-09-29 01:29:35 UTC
Magnitude: 1.6  Depth: 6.8 km
Fault: 1km from Unknown (ON FAULT)</description>
      <styleUrl>#isolated</styleUrl>
      <Point><coordinates>44.0358,39.4503,0</coordinates></Point>
    </Placemark>
    <Placemark>
      <n>M1.0 — 85 km NW of Karluk, Alaska</n>
      <description>Network: EMSC
Time: 2026-09-29 01:29:57 UTC
Magnitude: 1.0  Depth: 5.0 km
Fault: 184km from Unknown (inter-fault)</description>
      <styleUrl>#isolated</styleUrl>
      <Point><coordinates>-155.337,58.171,0</coordinates></Point>
    </Placemark>
    <Placemark>
      <n>M1.4 — WESTERN TURKEY</n>
      <description>Network: EMSC
Time: 2026-09-29 01:33:18 UTC
Magnitude: 1.4  Depth: 13.8 km
Fault: 6km from Unknown (ON FAULT)</description>
      <styleUrl>#isolated</styleUrl>
      <Point><coordinates>27.1212,37.4805,0</coordinates></Point>
    </Placemark>
    <Placemark>
      <n>M2.7 — CATAMARCA, ARGENTINA</n>
      <description>Network: EMSC
Time: 2026-09-29 01:36:05 UTC
Magnitude: 2.7  Depth: 0.0 km
Fault: 122km from Sistema de fallas Aconquija (fault zone)</description>
      <styleUrl>#isolated</styleUrl>
      <Point><coordinates>-66.765,-25.988,0</coordinates></Point>
    </Placemark>
    <Placemark>
      <n>M3.6 — OFFSHORE EL SALVADOR</n>
      <description>Network: EMSC
Time: 2026-09-29 01:39:53 UTC
Magnitude: 3.6  Depth: 22.0 km
Fault: 76km from Santa Ana Fault (fault zone)</description>
      <styleUrl>#isolated</styleUrl>
      <Point><coordinates>-89.769,13.149,0</coordinates></Point>
    </Placemark>
    <Placemark>
      <n>M2.5 — ANTOFAGASTA, CHILE</n>
      <description>Network: EMSC
Time: 2026-09-29 01:44:17 UTC
Magnitude: 2.5  Depth: 138.1 km
Fault: 125km from Chuculay 3 (fault zone)</description>
      <styleUrl>#isolated</styleUrl>
      <Point><coordinates>-68.49,-21.35,0</coordinates></Point>
    </Placemark>
    <Placemark>
      <n>M3.3 — DOMINICAN REPUBLIC</n>
      <description>Network: EMSC
Time: 2026-09-29 01:46:26 UTC
Magnitude: 3.3  Depth: 114.9 km
Fault: 47km from West Yuma Rift Fault (near fault)</description>
      <styleUrl>#isolated</styleUrl>
      <Point><coordinates>-68.9002,18.4307,0</coordinates></Point>
    </Placemark>
    <Placemark>
      <n>M1.3 — CENTRAL TURKEY</n>
      <description>Network: EMSC
Time: 2026-09-29 01:51:12 UTC
Magnitude: 1.3  Depth: 7.0 km
Fault: 9km from Unknown (ON FAULT)</description>
      <styleUrl>#isolated</styleUrl>
      <Point><coordinates>37.8035,38.2595,0</coordinates></Point>
    </Placemark>
    <Placemark>
      <n>M1.3 — WESTERN TURKEY</n>
      <description>Network: USGS
Time: 2026-09-29 01:52:30 UTC
Magnitude: 1.3  Depth: 13.0 km
Fault: 4km from Unknown (ON FAULT)</description>
      <styleUrl>#isolated</styleUrl>
      <Point><coordinates>28.8843,38.09,0</coordinates></Point>
    </Placemark>
    <Placemark>
      <n>M1.9 — EASTERN TURKEY</n>
      <description>Network: USGS
Time: 2026-09-29 01:58:23 UTC
Magnitude: 1.9  Depth: 13.0 km
Fault: 18km from Unknown (near fault)</description>
      <styleUrl>#isolated</styleUrl>
      <Point><coordinates>38.5329,41.1416,0</coordinates></Point>
    </Placemark>
    <Placemark>
      <n>M2.6 — TARAPACA, CHILE</n>
      <description>Network: EMSC
Time: 2026-09-29 02:04:01 UTC
Magnitude: 2.6  Depth: 115.0 km
Fault: 59km from Chuculay 3 (fault zone)</description>
      <styleUrl>#isolated</styleUrl>
      <Point><coordinates>-69.15,-20.89,0</coordinates></Point>
    </Placemark>
    <Placemark>
      <n>M1.5 — CENTRAL TURKEY</n>
      <description>Network: EMSC
Time: 2026-09-29 02:04:52 UTC
Magnitude: 1.5  Depth: 7.7 km
Fault: 19km from Unknown (near fault)</description>
      <styleUrl>#isolated</styleUrl>
      <Point><coordinates>36.2283,37.8747,0</coordinates></Point>
    </Placemark>
    <Placemark>
      <n>M1.6 — SPAIN</n>
      <description>Network: EMSC
Time: 2026-09-29 02:08:43 UTC
Magnitude: 1.6  Depth: 0.0 km
Fault: 1km from Unknown (ON FAULT)</description>
      <styleUrl>#isolated</styleUrl>
      <Point><coordinates>-3.6002,37.1052,0</coordinates></Point>
    </Placemark>
    <Placemark>
      <n>M1.08 — 1 km E of The Geysers, CA</n>
      <description>Network: EMSC
Time: 2026-09-29 02:09:03 UTC
Magnitude: 1.08  Depth: -0.21999999880791 km
Fault: 4km from Collayami 2011 CFM (ON FAULT)</description>
      <styleUrl>#isolated</styleUrl>
      <Point><coordinates>-122.74416351318,38.778499603271,0</coordinates></Point>
    </Placemark>
    <Placemark>
      <n>M0.26 — 10 km S of Idyllwild, CA</n>
      <description>Network: MULTI
Time: 2026-09-29 02:09:39 UTC
Magnitude: 0.26  Depth: 16.57 km
Fault: 3km from San Jacinto (Anza) rev (ON FAULT)</description>
      <styleUrl>#isolated</styleUrl>
      <Point><coordinates>-116.71433333333,33.652,0</coordinates></Point>
    </Placemark>
    <Placemark>
      <n>M1.75 — 19 km SE of Pāhala, Hawaii</n>
      <description>Network: USGS
Time: 2026-09-29 02:10:05 UTC
Magnitude: 1.75  Depth: 32.520000457764 km
Fault: 13km from southwest rift zone (near fault)</description>
      <styleUrl>#isolated</styleUrl>
      <Point><coordinates>-155.35249328613,19.077833175659,0</coordinates></Point>
    </Placemark>
    <Placemark>
      <n>M1.24 — 11 km NW of Parkfield, CA</n>
      <description>Network: EMSC
Time: 2026-09-29 02:15:19 UTC
Magnitude: 1.24  Depth: 10.609999656677 km
Fault: 0km from San Andreas (Parkfield) (ON FAULT)</description>
      <styleUrl>#isolated</styleUrl>
      <Point><coordinates>-120.52600097656,35.963665008545,0</coordinates></Point>
    </Placemark>
    <Placemark>
      <n>M1.3 — CENTRAL TURKEY</n>
      <description>Network: EMSC
Time: 2026-09-29 02:22:06 UTC
Magnitude: 1.3  Depth: 7.0 km
Fault: 64km from Unknown (fault zone)</description>
      <styleUrl>#isolated</styleUrl>
      <Point><coordinates>33.54,37.9197,0</coordinates></Point>
    </Placemark>
    <Placemark>
      <n>M3.0 — 17 km E of Eagle Village, Alaska</n>
      <description>Network: EMSC
Time: 2026-09-29 02:26:32 UTC
Magnitude: 3.0  Depth: 8.676 km
Fault: 14km from Unknown (near fault)</description>
      <styleUrl>#isolated</styleUrl>
      <Point><coordinates>-140.7479,64.7884,0</coordinates></Point>
    </Placemark>
    <Placemark>
      <n>M3.0 — NEAR THE COAST OF YEMEN</n>
      <description>Network: EMSC
Time: 2026-09-29 02:31:43 UTC
Magnitude: 3.0  Depth: 9.0 km
Fault: 14km from Unknown (near fault)</description>
      <styleUrl>#isolated</styleUrl>
      <Point><coordinates>44.7066,12.143,0</coordinates></Point>
    </Placemark>
    <Placemark>
      <n>M2.5 — OFFSHORE LOS LAGOS, CHILE</n>
      <description>Network: EMSC
Time: 2026-09-29 02:34:11 UTC
Magnitude: 2.5  Depth: 16.8 km
Fault: 88km from Unknown (fault zone)</description>
      <styleUrl>#isolated</styleUrl>
      <Point><coordinates>-74.22,-41.45,0</coordinates></Point>
    </Placemark>
    <Placemark>
      <n>M1.4 — EASTERN TURKEY</n>
      <description>Network: EMSC
Time: 2026-09-29 02:35:25 UTC
Magnitude: 1.4  Depth: 16.1 km
Fault: 2km from Unknown (ON FAULT)</description>
      <styleUrl>#isolated</styleUrl>
      <Point><coordinates>41.8478,39.845,0</coordinates></Point>
    </Placemark>
    <Placemark>
      <n>M1.2 — WESTERN TURKEY</n>
      <description>Network: USGS
Time: 2026-09-29 02:37:08 UTC
Magnitude: 1.2  Depth: 16.5 km
Fault: 9km from Unknown (ON FAULT)</description>
      <styleUrl>#isolated</styleUrl>
      <Point><coordinates>29.4225,37.7728,0</coordinates></Point>
    </Placemark>
    <Placemark>
      <n>M1.49 — 11 km N of Redwood Valley, CA</n>
      <description>Network: USGS
Time: 2026-09-29 02:38:09 UTC
Magnitude: 1.49  Depth: 8.1800003051758 km
Fault: 8km from Maacama 2011 CFM (ON FAULT)</description>
      <styleUrl>#isolated</styleUrl>
      <Point><coordinates>-123.21183013916,39.360168457031,0</coordinates></Point>
    </Placemark>
    <Placemark>
      <n>M3.0 — LA RIOJA, ARGENTINA</n>
      <description>Network: USGS
Time: 2026-09-29 02:39:12 UTC
Magnitude: 3.0  Depth: 140.0 km
Fault: 42km from Grupo de fallas El Duraznillo (near fault)</description>
      <styleUrl>#isolated</styleUrl>
      <Point><coordinates>-67.019,-28.858,0</coordinates></Point>
    </Placemark>
    <Placemark>
      <n>M1.5 — WESTERN TURKEY</n>
      <description>Network: USGS
Time: 2026-09-29 02:43:39 UTC
Magnitude: 1.5  Depth: 13.7 km
Fault: 1km from Unknown (ON FAULT)</description>
      <styleUrl>#isolated</styleUrl>
      <Point><coordinates>27.0507,39.5178,0</coordinates></Point>
    </Placemark>
    <Placemark>
      <n>M2.8 — FLORES REGION, INDONESIA</n>
      <description>Network: EMSC
Time: 2026-09-29 02:46:38 UTC
Magnitude: 2.8  Depth: 25.0 km
Fault: 49km from Unknown (near fault)</description>
      <styleUrl>#isolated</styleUrl>
      <Point><coordinates>121.4,-8.45,0</coordinates></Point>
    </Placemark>
    <Placemark>
      <n>M-0.05 — 15 km SSE of Anza, CA</n>
      <description>Network: MULTI
Time: 2026-09-29 02:48:39 UTC
Magnitude: -0.05  Depth: 6.55 km
Fault: 10km from San Jacinto (Coyote Creek) (near fault)</description>
      <styleUrl>#isolated</styleUrl>
      <Point><coordinates>-116.64083333333,33.420833333333,0</coordinates></Point>
    </Placemark>
    <Placemark>
      <n>M1.7 — WESTERN TURKEY</n>
      <description>Network: EMSC
Time: 2026-09-29 02:52:39 UTC
Magnitude: 1.7  Depth: 14.0 km
Fault: 23km from Unknown (near fault)</description>
      <styleUrl>#isolated</styleUrl>
      <Point><coordinates>27.0162,40.4272,0</coordinates></Point>
    </Placemark>
    <Placemark>
      <n>M2.25 — 0 km NNE of Indios, Puerto Rico</n>
      <description>Network: EMSC
Time: 2026-09-29 02:53:04 UTC
Magnitude: 2.25  Depth: 13.16 km
Fault: 21km from Great Southern Puerto Rico Fault (near fault)</description>
      <styleUrl>#isolated</styleUrl>
      <Point><coordinates>-66.816166666667,17.999833333333,0</coordinates></Point>
    </Placemark>
    <Placemark>
      <n>M2.6 — NICARAGUA</n>
      <description>Network: EMSC
Time: 2026-09-29 02:54:44 UTC
Magnitude: 2.6  Depth: 83.0 km
Fault: 48km from Marabios Fault (near fault)</description>
      <styleUrl>#isolated</styleUrl>
      <Point><coordinates>-86.981,12.18,0</coordinates></Point>
    </Placemark>
    <Placemark>
      <n>M1.4 — 4 km E of Cooper Landing, Alaska</n>
      <description>Network: EMSC
Time: 2026-09-29 03:00:31 UTC
Magnitude: 1.4  Depth: 8.4 km
Fault: 114km from Susitna section (fault zone)</description>
      <styleUrl>#isolated</styleUrl>
      <Point><coordinates>-149.742,60.495,0</coordinates></Point>
    </Placemark>
    <Placemark>
      <n>M2.3 — 9 km SSE of Talkeetna, Alaska</n>
      <description>Network: EMSC
Time: 2026-09-29 03:03:36 UTC
Magnitude: 2.3  Depth: 62.6 km
Fault: 67km from Unknown (fault zone)</description>
      <styleUrl>#isolated</styleUrl>
      <Point><coordinates>-150.069,62.24,0</coordinates></Point>
    </Placemark>
    <Placemark>
      <n>M0.93 — 22 km SSE of Harrah, Washington</n>
      <description>Network: USGS
Time: 2026-09-29 03:21:04 UTC
Magnitude: 0.93  Depth: 14.73 km
Fault: 9km from Mill Creek thrust fault (ON FAULT)</description>
      <styleUrl>#isolated</styleUrl>
      <Point><coordinates>-120.47483333333,46.205166666667,0</coordinates></Point>
    </Placemark>
    <Placemark>
      <n>M1.6 — WESTERN TURKEY</n>
      <description>Network: EMSC
Time: 2026-09-29 03:27:06 UTC
Magnitude: 1.6  Depth: 7.0 km
Fault: 4km from Unknown (ON FAULT)</description>
      <styleUrl>#isolated</styleUrl>
      <Point><coordinates>28.0002,37.0915,0</coordinates></Point>
    </Placemark>
    <Placemark>
      <n>M1.6 — WESTERN TURKEY</n>
      <description>Network: USGS
Time: 2026-09-29 03:30:07 UTC
Magnitude: 1.6  Depth: 7.0 km
Fault: 0km from Unknown (ON FAULT)</description>
      <styleUrl>#isolated</styleUrl>
      <Point><coordinates>27.628,40.079,0</coordinates></Point>
    </Placemark>
    <Placemark>
      <n>M-0.41 — 70 km WNW of Tyonek, Alaska</n>
      <description>Network: EMSC
Time: 2026-09-29 03:30:11 UTC
Magnitude: -0.41  Depth: 2.93 km
Fault: 25km from Unknown (near fault)</description>
      <styleUrl>#isolated</styleUrl>
      <Point><coordinates>-152.3515,61.3005,0</coordinates></Point>
    </Placemark>
    <Placemark>
      <n>M3.0 — DOMINICAN REPUBLIC</n>
      <description>Network: MULTI
Time: 2026-09-29 03:34:06 UTC
Magnitude: 3.0  Depth: 83.6 km
Fault: 41km from South Samana Fault (near fault)</description>
      <styleUrl>#isolated</styleUrl>
      <Point><coordinates>-69.46,18.696,0</coordinates></Point>
    </Placemark>
    <Placemark>
      <n>M2.6 — TARAPACA, CHILE</n>
      <description>Network: EMSC
Time: 2026-09-29 03:38:24 UTC
Magnitude: 2.6  Depth: 147.0 km
Fault: 96km from Pisagua (fault zone)</description>
      <styleUrl>#isolated</styleUrl>
      <Point><coordinates>-69.07,-19.62,0</coordinates></Point>
    </Placemark>
    <Placemark>
      <n>M2.1 — WESTERN TURKEY</n>
      <description>Network: EMSC
Time: 2026-09-29 03:43:18 UTC
Magnitude: 2.1  Depth: 11.2 km
Fault: 23km from Unknown (near fault)</description>
      <styleUrl>#isolated</styleUrl>
      <Point><coordinates>27.0213,40.4325,0</coordinates></Point>
    </Placemark>
    <Placemark>
      <n>M2.1 — 56 km S of Whites City, New Mexico</n>
      <description>Network: USGS
Time: 2026-09-29 03:55:22 UTC
Magnitude: 2.1  Depth: 6.0999 km
Fault: 36km from West Delaware Mountains fault zone (near fault)</description>
      <styleUrl>#isolated</styleUrl>
      <Point><coordinates>-104.418,31.668,0</coordinates></Point>
    </Placemark>
    <Placemark>
      <n>M2.2 — EASTERN TURKEY</n>
      <description>Network: USGS
Time: 2026-09-29 03:56:25 UTC
Magnitude: 2.2  Depth: 7.0 km
Fault: 19km from Unknown (near fault)</description>
      <styleUrl>#isolated</styleUrl>
      <Point><coordinates>41.114,39.504,0</coordinates></Point>
    </Placemark>
    <Placemark>
      <n>M2.5 — CATAMARCA, ARGENTINA</n>
      <description>Network: USGS
Time: 2026-09-29 03:58:03 UTC
Magnitude: 2.5  Depth: 11.0 km
Fault: 123km from Sistema de fallas Aconquija (fault zone)</description>
      <styleUrl>#isolated</styleUrl>
      <Point><coordinates>-66.737,-25.964,0</coordinates></Point>
    </Placemark>
    <Placemark>
      <n>M4.2 — VALPARAISO, CHILE</n>
      <description>Network: EMSC
Time: 2026-09-29 04:02:45 UTC
Magnitude: 4.2  Depth: 72.0 km
Fault: 99km from San Ramon 01a (fault zone)</description>
      <styleUrl>#isolated</styleUrl>
      <Point><coordinates>-71.35,-32.78,0</coordinates></Point>
    </Placemark>
    <Placemark>
      <n>M3.1 — TARAPACA, CHILE</n>
      <description>Network: USGS
Time: 2026-09-29 04:06:35 UTC
Magnitude: 3.1  Depth: 107.6 km
Fault: 81km from Chuculay 3 (fault zone)</description>
      <styleUrl>#isolated</styleUrl>
      <Point><coordinates>-68.93,-20.86,0</coordinates></Point>
    </Placemark>
    <Placemark>
      <n>M1.1 — 7 km E of Kenilworth, Utah</n>
      <description>Network: EMSC
Time: 2026-09-29 04:13:20 UTC
Magnitude: 1.1  Depth: -3.4 km
Fault: 44km from Joes Valley fault zone (near fault)</description>
      <styleUrl>#isolated</styleUrl>
      <Point><coordinates>-110.72066666667,39.699,0</coordinates></Point>
    </Placemark>
    <Placemark>
      <n>M2.6 — PUERTO RICO</n>
      <description>Network: EMSC
Time: 2026-09-29 04:14:36 UTC
Magnitude: 2.6  Depth: 65.7 km
Fault: 1km from Unknown (ON FAULT)</description>
      <styleUrl>#isolated</styleUrl>
      <Point><coordinates>-66.0948,18.2948,0</coordinates></Point>
    </Placemark>
    <Placemark>
      <n>M1.6 — CENTRAL TURKEY</n>
      <description>Network: USGS
Time: 2026-09-29 04:16:23 UTC
Magnitude: 1.6  Depth: 6.1 km
Fault: 1km from Unknown (ON FAULT)</description>
      <styleUrl>#isolated</styleUrl>
      <Point><coordinates>35.1632,38.0095,0</coordinates></Point>
    </Placemark>
    <Placemark>
      <n>M4.8 — South Sandwich Islands region</n>
      <description>Network: EMSC
Time: 2026-09-29 04:16:27 UTC
Magnitude: 4.8  Depth: 35.08 km
Fault: 30km from Unknown (near fault)</description>
      <styleUrl>#isolated</styleUrl>
      <Point><coordinates>-28.2098,-55.3157,0</coordinates></Point>
    </Placemark>
    <Placemark>
      <n>M1.88 — 4 km SW of Guánica, Puerto Rico</n>
      <description>Network: EMSC
Time: 2026-09-29 04:17:10 UTC
Magnitude: 1.88  Depth: 7.78 km
Fault: 21km from South Lajas Fault (near fault)</description>
      <styleUrl>#isolated</styleUrl>
      <Point><coordinates>-66.9435,17.943333333333,0</coordinates></Point>
    </Placemark>
    <Placemark>
      <n>M1.41 — 5 km ENE of Sudden Valley, Washington</n>
      <description>Network: EMSC
Time: 2026-09-29 04:27:38 UTC
Magnitude: 1.41  Depth: -0.41 km
Fault: 21km from Boulder Creek fault, Kendall scarp (near fault)</description>
      <styleUrl>#isolated</styleUrl>
      <Point><coordinates>-122.27783333333,48.746666666667,0</coordinates></Point>
    </Placemark>
    <Placemark>
      <n>M1.06 — 2 km NNW of The Geysers, CA</n>
      <description>Network: MULTI
Time: 2026-09-29 04:33:21 UTC
Magnitude: 1.06  Depth: 4.039999961853 km
Fault: 5km from Collayami 2011 CFM (ON FAULT)</description>
      <styleUrl>#isolated</styleUrl>
      <Point><coordinates>-122.76816558838,38.791332244873,0</coordinates></Point>
    </Placemark>
    <Placemark>
      <n>M4.3 — HALMAHERA, INDONESIA</n>
      <description>Network: EMSC
Time: 2026-09-29 04:41:11 UTC
Magnitude: 4.3  Depth: 105.0 km
Fault: 2km from Unknown (ON FAULT)</description>
      <styleUrl>#isolated</styleUrl>
      <Point><coordinates>127.12,1.39,0</coordinates></Point>
    </Placemark>
    <Placemark>
      <n>M0.2 — 104 km W of Adak, Alaska</n>
      <description>Network: EMSC
Time: 2026-09-29 04:41:14 UTC
Magnitude: 0.2  Depth: 5.86 km
Fault: 157km from Unknown (inter-fault)</description>
      <styleUrl>#isolated</styleUrl>
      <Point><coordinates>-178.15583333333,51.9025,0</coordinates></Point>
    </Placemark>
    <Placemark>
      <n>M1.3 — 34 km E of Skwentna, Alaska</n>
      <description>Network: EMSC
Time: 2026-09-29 04:49:36 UTC
Magnitude: 1.3  Depth: 0.7 km
Fault: 56km from Unknown (fault zone)</description>
      <styleUrl>#isolated</styleUrl>
      <Point><coordinates>-150.745,62.013,0</coordinates></Point>
    </Placemark>
    <Placemark>
      <n>M1.72 — 5 km SW of Burning Man Earth, Nevada</n>
      <description>Network: EMSC
Time: 2026-09-29 04:54:20 UTC
Magnitude: 1.72  Depth: 1.6131 km
Fault: 8km from Eastern Granite Range fault (ON FAULT)</description>
      <styleUrl>#isolated</styleUrl>
      <Point><coordinates>-119.2825,40.7384,0</coordinates></Point>
    </Placemark>
    <Placemark>
      <n>M2.6 — QUEENSLAND, AUSTRALIA</n>
      <description>Network: EMSC
Time: 2026-09-29 04:59:52 UTC
Magnitude: 2.6  Depth: 0.0 km
Fault: 20km from Queenslander Thrust Fault (near fault)</description>
      <styleUrl>#isolated</styleUrl>
      <Point><coordinates>151.0131,-24.2034,0</coordinates></Point>
    </Placemark>
    <Placemark>
      <n>M-0.7 — 64 km ENE of Pedro Bay, Alaska</n>
      <description>Network: USGS
Time: 2026-09-29 05:15:27 UTC
Magnitude: -0.7  Depth: 2.21 km
Fault: 55km from Unknown (fault zone)</description>
      <styleUrl>#isolated</styleUrl>
      <Point><coordinates>-153.05716666667,60.027666666667,0</coordinates></Point>
    </Placemark>
    <Placemark>
      <n>M1.51 — 17 km WSW of Johannesburg, CA</n>
      <description>Network: MULTI
Time: 2026-09-29 05:25:07 UTC
Magnitude: 1.51  Depth: 6.78 km
Fault: 8km from Garlock (Central) (ON FAULT)</description>
      <styleUrl>#isolated</styleUrl>
      <Point><coordinates>-117.8025,35.312833333333,0</coordinates></Point>
    </Placemark>
    <Placemark>
      <n>M1.5 — WESTERN TURKEY</n>
      <description>Network: USGS
Time: 2026-09-29 05:27:28 UTC
Magnitude: 1.5  Depth: 7.0 km
Fault: 25km from Unknown (near fault)</description>
      <styleUrl>#isolated</styleUrl>
      <Point><coordinates>27.0405,40.4195,0</coordinates></Point>
    </Placemark>
    <Placemark>
      <n>M2.6 — NEUQUEN, ARGENTINA</n>
      <description>Network: EMSC
Time: 2026-09-29 05:28:14 UTC
Magnitude: 2.6  Depth: 6.0 km
Fault: 196km from Zona de falla Antiñir-Copahue (inter-fault)</description>
      <styleUrl>#isolated</styleUrl>
      <Point><coordinates>-68.506,-38.172,0</coordinates></Point>
    </Placemark>
    <Placemark>
      <n>M2.9 — SALTA, ARGENTINA</n>
      <description>Network: MULTI
Time: 2026-09-29 05:29:26 UTC
Magnitude: 2.9  Depth: 10.0 km
Fault: 109km from Sistema de fallas Aconquija (fault zone)</description>
      <styleUrl>#isolated</styleUrl>
      <Point><coordinates>-66.6,-26.04,0</coordinates></Point>
    </Placemark>
    <Placemark>
      <n>M1.0 — FRANCE</n>
      <description>Network: EMSC
Time: 2026-09-29 05:39:30 UTC
Magnitude: 1.0  Depth: 1.9 km
Fault: 9km from Unknown (ON FAULT)</description>
      <styleUrl>#isolated</styleUrl>
      <Point><coordinates>6.983,45.8841,0</coordinates></Point>
    </Placemark>
    <Placemark>
      <n>M3.0 — NEAR THE COAST OF SYRIA</n>
      <description>Network: USGS
Time: 2026-09-29 05:41:24 UTC
Magnitude: 3.0  Depth: 6.2 km
Fault: 34km from Unknown (near fault)</description>
      <styleUrl>#isolated</styleUrl>
      <Point><coordinates>35.298,35.4582,0</coordinates></Point>
    </Placemark>
    <Placemark>
      <n>M1.31 — 2 km NNW of The Geysers, CA</n>
      <description>Network: USGS
Time: 2026-09-29 05:43:13 UTC
Magnitude: 1.31  Depth: 0.75 km
Fault: 5km from Collayami 2011 CFM (ON FAULT)</description>
      <styleUrl>#isolated</styleUrl>
      <Point><coordinates>-122.76266479492,38.793834686279,0</coordinates></Point>
    </Placemark>
    <Placemark>
      <n>M1.6 — EASTERN TURKEY</n>
      <description>Network: USGS
Time: 2026-09-29 05:46:50 UTC
Magnitude: 1.6  Depth: 6.7 km
Fault: 1km from Unknown (ON FAULT)</description>
      <styleUrl>#isolated</styleUrl>
      <Point><coordinates>41.8385,40.0265,0</coordinates></Point>
    </Placemark>
    <Placemark>
      <n>M2.5 — TARAPACA, CHILE</n>
      <description>Network: EMSC
Time: 2026-09-29 05:49:42 UTC
Magnitude: 2.5  Depth: 114.4 km
Fault: 72km from Chuculay 3 (fault zone)</description>
      <styleUrl>#isolated</styleUrl>
      <Point><coordinates>-68.98,-21.06,0</coordinates></Point>
    </Placemark>
    <Placemark>
      <n>M3.2 — SALTA, ARGENTINA</n>
      <description>Network: USGS
Time: 2026-09-29 05:50:02 UTC
Magnitude: 3.2  Depth: 10.0 km
Fault: 121km from Sistema de fallas Aconquija (fault zone)</description>
      <styleUrl>#isolated</styleUrl>
      <Point><coordinates>-66.6,-25.92,0</coordinates></Point>
    </Placemark>
    <Placemark>
      <n>M1.67 — 26 km SE of Mina, Nevada</n>
      <description>Network: USGS
Time: 2026-09-29 05:54:09 UTC
Magnitude: 1.67  Depth: 12.7353 km
Fault: 12km from Bettles Well-Petrified Springs fault (near fault)</description>
      <styleUrl>#isolated</styleUrl>
      <Point><coordinates>-117.91,38.2147,0</coordinates></Point>
    </Placemark>
    <Placemark>
      <n>M1.5 — EASTERN TURKEY</n>
      <description>Network: USGS
Time: 2026-09-29 06:04:18 UTC
Magnitude: 1.5  Depth: 6.9 km
Fault: 50km from Unknown (fault zone)</description>
      <styleUrl>#isolated</styleUrl>
      <Point><coordinates>40.0514,40.7742,0</coordinates></Point>
    </Placemark>
    <Placemark>
      <n>M4.4 — 102 km E of Miyako, Japan</n>
      <description>Network: EMSC
Time: 2026-09-29 06:16:34 UTC
Magnitude: 4.4  Depth: 36.868 km
Fault: 94km from Unknown (fault zone)</description>
      <styleUrl>#isolated</styleUrl>
      <Point><coordinates>143.1352,39.6854,0</coordinates></Point>
    </Placemark>
    <Placemark>
      <n>M1.3 — WESTERN TURKEY</n>
      <description>Network: USGS
Time: 2026-09-29 06:17:18 UTC
Magnitude: 1.3  Depth: 6.9 km
Fault: 0km from Unknown (ON FAULT)</description>
      <styleUrl>#isolated</styleUrl>
      <Point><coordinates>27.527,39.1397,0</coordinates></Point>
    </Placemark>
    <Placemark>
      <n>M2.9 — FLORES REGION, INDONESIA</n>
      <description>Network: USGS
Time: 2026-09-29 06:20:35 UTC
Magnitude: 2.9  Depth: 160.0 km
Fault: 90km from Unknown (fault zone)</description>
      <styleUrl>#isolated</styleUrl>
      <Point><coordinates>119.67,-8.37,0</coordinates></Point>
    </Placemark>
    <Placemark>
      <n>M2.9 — JUJUY, ARGENTINA</n>
      <description>Network: EMSC
Time: 2026-09-29 06:22:16 UTC
Magnitude: 2.9  Depth: 256.0 km
Fault: 210km from Grupo de fallas Medeiros (inter-fault)</description>
      <styleUrl>#isolated</styleUrl>
      <Point><coordinates>-67.1,-23.59,0</coordinates></Point>
    </Placemark>
    <Placemark>
      <n>M2.8 — OFFSHORE EL SALVADOR</n>
      <description>Network: EMSC
Time: 2026-09-29 06:22:53 UTC
Magnitude: 2.8  Depth: 19.0 km
Fault: 82km from Unknown (fault zone)</description>
      <styleUrl>#isolated</styleUrl>
      <Point><coordinates>-89.046,12.858,0</coordinates></Point>
    </Placemark>
    <Placemark>
      <n>M1.2 — EASTERN TURKEY</n>
      <description>Network: EMSC
Time: 2026-09-29 06:30:24 UTC
Magnitude: 1.2  Depth: 7.0 km
Fault: 18km from Unknown (near fault)</description>
      <styleUrl>#isolated</styleUrl>
      <Point><coordinates>38.1231,38.2178,0</coordinates></Point>
    </Placemark>
    <Placemark>
      <n>M1.1 — WESTERN TURKEY</n>
      <description>Network: USGS
Time: 2026-09-29 06:39:51 UTC
Magnitude: 1.1  Depth: 17.4 km
Fault: 9km from Unknown (ON FAULT)</description>
      <styleUrl>#isolated</styleUrl>
      <Point><coordinates>31.5395,40.7994,0</coordinates></Point>
    </Placemark>
    <Placemark>
      <n>M1.06 — 260 km W of Adak, Alaska</n>
      <description>Network: EMSC
Time: 2026-09-29 06:41:26 UTC
Magnitude: 1.06  Depth: 6.93 km
Fault: 155km from Unknown (inter-fault)</description>
      <styleUrl>#isolated</styleUrl>
      <Point><coordinates>179.5885,51.922333333333,0</coordinates></Point>
    </Placemark>
    <Placemark>
      <n>M1.8 — WESTERN TURKEY</n>
      <description>Network: USGS
Time: 2026-09-29 06:43:21 UTC
Magnitude: 1.8  Depth: 11.4 km
Fault: 4km from Unknown (ON FAULT)</description>
      <styleUrl>#isolated</styleUrl>
      <Point><coordinates>28.006,37.093,0</coordinates></Point>
    </Placemark>
    <Placemark>
      <n>M2.8 — FRANCE</n>
      <description>Network: EMSC
Time: 2026-09-29 06:44:58 UTC
Magnitude: 2.8  Depth: 5.0 km
Fault: 217km from Unknown (inter-fault)</description>
      <styleUrl>#isolated</styleUrl>
      <Point><coordinates>1.964,50.9124,0</coordinates></Point>
    </Placemark>
    <Placemark>
      <n>M3.1 — OFF W. COAST OF S. ISLAND, N.Z.</n>
      <description>Network: EMSC
Time: 2026-09-29 06:49:00 UTC
Magnitude: 3.1  Depth: 10.5 km
Fault: 1km from Unknown (ON FAULT)</description>
      <styleUrl>#isolated</styleUrl>
      <Point><coordinates>166.8879,-45.0564,0</coordinates></Point>
    </Placemark>
    <Placemark>
      <n>M0.9 — 7 km NW of The Geysers, CA</n>
      <description>Network: USGS
Time: 2026-09-29 06:51:28 UTC
Magnitude: 0.9  Depth: 2.3399999141693 km
Fault: 6km from Collayami 2011 CFM (ON FAULT)</description>
      <styleUrl>#isolated</styleUrl>
      <Point><coordinates>-122.81483459473,38.826831817627,0</coordinates></Point>
    </Placemark>
    <Placemark>
      <n>M1.94 — 6 km SW of Volcano, Hawaii</n>
      <description>Network: EMSC
Time: 2026-09-29 06:54:15 UTC
Magnitude: 1.94  Depth: 0.93 km
Fault: 0km from Kilaeua's caldera (ON FAULT)</description>
      <styleUrl>#isolated</styleUrl>
      <Point><coordinates>-155.27083333333,19.396333333333,0</coordinates></Point>
    </Placemark>
    <Placemark>
      <n>M1.16 — 15 km E of Seven Trees, CA</n>
      <description>Network: MULTI
Time: 2026-09-29 06:55:33 UTC
Magnitude: 1.16  Depth: 3.0599999427795 km
Fault: 1km from Calaveras (Central) 2011 CFM (ON FAULT)</description>
      <styleUrl>#isolated</styleUrl>
      <Point><coordinates>-121.67216491699,37.294998168945,0</coordinates></Point>
    </Placemark>
    <Placemark>
      <n>M0.47 — 12 km WSW of Wrightwood, CA</n>
      <description>Network: EMSC
Time: 2026-09-29 06:58:43 UTC
Magnitude: 0.47  Depth: 6.25 km
Fault: 7km from San Gabriel (Extension) (ON FAULT)</description>
      <styleUrl>#isolated</styleUrl>
      <Point><coordinates>-117.74866666667,34.310166666667,0</coordinates></Point>
    </Placemark>
    <Placemark>
      <n>M2.1 — 7 km WNW of Houston, Alaska</n>
      <description>Network: EMSC
Time: 2026-09-29 07:01:20 UTC
Magnitude: 2.1  Depth: 15.9 km
Fault: 7km from Susitna section (ON FAULT)</description>
      <styleUrl>#isolated</styleUrl>
      <Point><coordinates>-149.936,61.666,0</coordinates></Point>
    </Placemark>
    <Placemark>
      <n>M3.1 — NORTH ISLAND OF NEW ZEALAND</n>
      <description>Network: EMSC
Time: 2026-09-29 07:04:23 UTC
Magnitude: 3.1  Depth: 191.4 km
Fault: 26km from Kerepehi South (near fault)</description>
      <styleUrl>#isolated</styleUrl>
      <Point><coordinates>175.922,-38.1101,0</coordinates></Point>
    </Placemark>
    <Placemark>
      <n>M1.25 — 6 km NNW of Dutch Harbor, Alaska</n>
      <description>Network: EMSC
Time: 2026-09-29 07:07:28 UTC
Magnitude: 1.25  Depth: 10.43 km
Fault: 165km from Unknown (inter-fault)</description>
      <styleUrl>#isolated</styleUrl>
      <Point><coordinates>-166.574,53.944666666667,0</coordinates></Point>
    </Placemark>
    <Placemark>
      <n>M1.0 — EASTERN TURKEY</n>
      <description>Network: EMSC
Time: 2026-09-29 07:07:39 UTC
Magnitude: 1.0  Depth: 7.0 km
Fault: 19km from Unknown (near fault)</description>
      <styleUrl>#isolated</styleUrl>
      <Point><coordinates>40.57,40.2228,0</coordinates></Point>
    </Placemark>
    <Placemark>
      <n>M1.01 — 7 km WNW of Cobb, CA</n>
      <description>Network: EMSC
Time: 2026-09-29 07:08:34 UTC
Magnitude: 1.01  Depth: 1.8799999952316 km
Fault: 5km from Collayami 2011 CFM (ON FAULT)</description>
      <styleUrl>#isolated</styleUrl>
      <Point><coordinates>-122.80183410644,38.834999084473,0</coordinates></Point>
    </Placemark>
    <Placemark>
      <n>M2.0 — 11 km W of Trapper Creek, Alaska</n>
      <description>Network: EMSC
Time: 2026-09-29 07:09:43 UTC
Magnitude: 2.0  Depth: 5.0 km
Fault: 46km from Unknown (near fault)</description>
      <styleUrl>#isolated</styleUrl>
      <Point><coordinates>-150.448,62.302,0</coordinates></Point>
    </Placemark>
    <Placemark>
      <n>M3.5 — DODECANESE ISLANDS, GREECE</n>
      <description>Network: USGS
Time: 2026-09-29 07:10:13 UTC
Magnitude: 3.5  Depth: 9.3 km
Fault: 16km from Unknown (near fault)</description>
      <styleUrl>#isolated</styleUrl>
      <Point><coordinates>27.2873,35.723,0</coordinates></Point>
    </Placemark>
    <Placemark>
      <n>M2.7 — LA RIOJA, ARGENTINA</n>
      <description>Network: EMSC
Time: 2026-09-29 07:18:16 UTC
Magnitude: 2.7  Depth: 118.0 km
Fault: 161km from Falla Pismanta-Las Flores (inter-fault)</description>
      <styleUrl>#isolated</styleUrl>
      <Point><coordinates>-68.59,-28.746,0</coordinates></Point>
    </Placemark>
    <Placemark>
      <n>M1.3 — 60 km WNW of Happy Valley, Alaska</n>
      <description>Network: USGS
Time: 2026-09-29 07:19:41 UTC
Magnitude: 1.3  Depth: 105.0 km
Fault: 59km from Unknown (fault zone)</description>
      <styleUrl>#isolated</styleUrl>
      <Point><coordinates>-152.79,60.076,0</coordinates></Point>
    </Placemark>
    <Placemark>
      <n>M1.8 — 19 km SW of Point MacKenzie, Alaska</n>
      <description>Network: EMSC
Time: 2026-09-29 07:22:17 UTC
Magnitude: 1.8  Depth: 51.8 km
Fault: 27km from Susitna section (near fault)</description>
      <styleUrl>#isolated</styleUrl>
      <Point><coordinates>-150.273,61.251,0</coordinates></Point>
    </Placemark>
    <Placemark>
      <n>M3.7 — MYANMAR</n>
      <description>Network: EMSC
Time: 2026-09-29 07:27:06 UTC
Magnitude: 3.7  Depth: 10.0 km
Fault: 24km from Unknown (near fault)</description>
      <styleUrl>#isolated</styleUrl>
      <Point><coordinates>96.279,21.79,0</coordinates></Point>
    </Placemark>
    <Placemark>
      <n>M1.8 — 25 km SSW of Nanwalek, Alaska</n>
      <description>Network: EMSC
Time: 2026-09-29 07:39:12 UTC
Magnitude: 1.8  Depth: 61.3 km
Fault: 118km from Unknown (fault zone)</description>
      <styleUrl>#isolated</styleUrl>
      <Point><coordinates>-152.055,59.135,0</coordinates></Point>
    </Placemark>
    <Placemark>
      <n>M1.29 — 58 km E of Warm River, Idaho</n>
      <description>Network: USGS
Time: 2026-09-29 07:42:40 UTC
Magnitude: 1.29  Depth: 12.35 km
Fault: 6km from East Mount Sheridan faults (ON FAULT)</description>
      <styleUrl>#isolated</styleUrl>
      <Point><coordinates>-110.601,44.202333333333,0</coordinates></Point>
    </Placemark>
    <Placemark>
      <n>M3.4 — ROMANIA</n>
      <description>Network: USGS
Time: 2026-09-29 07:43:51 UTC
Magnitude: 3.4  Depth: 84.0 km
Fault: 146km from Unknown (fault zone)</description>
      <styleUrl>#isolated</styleUrl>
      <Point><coordinates>26.5159,45.6372,0</coordinates></Point>
    </Placemark>
    <Placemark>
      <n>M2.9 — ICELAND REGION</n>
      <description>Network: USGS
Time: 2026-09-29 07:46:51 UTC
Magnitude: 2.9  Depth: 11.4 km
Fault: 22km from Unknown (near fault)</description>
      <styleUrl>#isolated</styleUrl>
      <Point><coordinates>-18.702,66.694,0</coordinates></Point>
    </Placemark>
    <Placemark>
      <n>M1.29 — 15 km NE of Ridgecrest, CA</n>
      <description>Network: USGS
Time: 2026-09-29 07:54:03 UTC
Magnitude: 1.29  Depth: 2.23 km
Fault: 14km from Little Lake (near fault)</description>
      <styleUrl>#isolated</styleUrl>
      <Point><coordinates>-117.56383333333,35.720833333333,0</coordinates></Point>
    </Placemark>
    <Placemark>
      <n>M3.5 — OAXACA, MEXICO</n>
      <description>Network: USGS
Time: 2026-09-29 08:01:01 UTC
Magnitude: 3.5  Depth: 5.0 km
Fault: 114km from Unknown (fault zone)</description>
      <styleUrl>#isolated</styleUrl>
      <Point><coordinates>-95.093,16.549,0</coordinates></Point>
    </Placemark>
    <Placemark>
      <n>M1.84 — 27 km W of Volcano, Hawaii</n>
      <description>Network: EMSC
Time: 2026-09-29 08:01:15 UTC
Magnitude: 1.84  Depth: -1.0800000429153 km
Fault: 5km from northeast rift zone (ON FAULT)</description>
      <styleUrl>#isolated</styleUrl>
      <Point><coordinates>-155.49299621582,19.480167388916,0</coordinates></Point>
    </Placemark>
    <Placemark>
      <n>M0.7 — 6 km W of Cobb, CA</n>
      <description>Network: USGS
Time: 2026-09-29 08:03:06 UTC
Magnitude: 0.7  Depth: 0.81999999284744 km
Fault: 5km from Collayami 2011 CFM (ON FAULT)</description>
      <styleUrl>#isolated</styleUrl>
      <Point><coordinates>-122.78833007812,38.822834014893,0</coordinates></Point>
    </Placemark>
    <Placemark>
      <n>M1.5 — CENTRAL TURKEY</n>
      <description>Network: USGS
Time: 2026-09-29 08:04:41 UTC
Magnitude: 1.5  Depth: 12.0 km
Fault: 14km from Unknown (near fault)</description>
      <styleUrl>#isolated</styleUrl>
      <Point><coordinates>36.5844,38.158,0</coordinates></Point>
    </Placemark>
    <Placemark>
      <n>M2.5 — ANTOFAGASTA, CHILE</n>
      <description>Network: EMSC
Time: 2026-09-29 08:06:51 UTC
Magnitude: 2.5  Depth: 100.8 km
Fault: 90km from de Atacama segmento Salar del Carmen? (fault zone)</description>
      <styleUrl>#isolated</styleUrl>
      <Point><coordinates>-68.98,-21.61,0</coordinates></Point>
    </Placemark>
    <Placemark>
      <n>M0.22 — 5 km WNW of Cobb, CA</n>
      <description>Network: EMSC
Time: 2026-09-29 08:09:50 UTC
Magnitude: 0.22  Depth: 1.8600000143051 km
Fault: 2km from Collayami 2011 CFM (ON FAULT)</description>
      <styleUrl>#isolated</styleUrl>
      <Point><coordinates>-122.77249908447,38.837333679199,0</coordinates></Point>
    </Placemark>
    <Placemark>
      <n>M1.8 — CENTRAL TURKEY</n>
      <description>Network: USGS
Time: 2026-09-29 08:11:08 UTC
Magnitude: 1.8  Depth: 13.6 km
Fault: 53km from Unknown (fault zone)</description>
      <styleUrl>#isolated</styleUrl>
      <Point><coordinates>32.5013,41.6475,0</coordinates></Point>
    </Placemark>
    <Placemark>
      <n>M2.2 — FRANCE</n>
      <description>Network: USGS
Time: 2026-09-29 08:16:13 UTC
Magnitude: 2.2  Depth: 5.0 km
Fault: 142km from Unknown (fault zone)</description>
      <styleUrl>#isolated</styleUrl>
      <Point><coordinates>4.6741,44.9271,0</coordinates></Point>
    </Placemark>
    <Placemark>
      <n>M1.8 — FRANCE</n>
      <description>Network: EMSC
Time: 2026-09-29 08:17:37 UTC
Magnitude: 1.8  Depth: 1.6 km
Fault: 55km from Unknown (fault zone)</description>
      <styleUrl>#isolated</styleUrl>
      <Point><coordinates>6.9262,47.4756,0</coordinates></Point>
    </Placemark>
    <Placemark>
      <n>M2.5 — 12 km N of Karluk, Alaska</n>
      <description>Network: USGS
Time: 2026-09-29 08:17:48 UTC
Magnitude: 2.5  Depth: 58.8 km
Fault: 110km from Unknown (fault zone)</description>
      <styleUrl>#isolated</styleUrl>
      <Point><coordinates>-154.489,57.678,0</coordinates></Point>
    </Placemark>
    <Placemark>
      <n>M1.5 — 12 km SW of Huron, CA</n>
      <description>Network: USGS
Time: 2026-09-29 08:18:01 UTC
Magnitude: 1.5  Depth: 9.9099998474121 km
Fault: 5km from Great Valley 14 (Kettleman Hills) (ON FAULT)</description>
      <styleUrl>#isolated</styleUrl>
      <Point><coordinates>-120.19583129883,36.125331878662,0</coordinates></Point>
    </Placemark>
    <Placemark>
      <n>M1.9 — 15 km NNW of Skwentna, Alaska</n>
      <description>Network: EMSC
Time: 2026-09-29 08:19:41 UTC
Magnitude: 1.9  Depth: 78.0 km
Fault: 28km from Unknown (near fault)</description>
      <styleUrl>#isolated</styleUrl>
      <Point><coordinates>-151.552,62.105,0</coordinates></Point>
    </Placemark>
    <Placemark>
      <n>M0.74 — 9 km SW of Idyllwild, CA</n>
      <description>Network: USGS
Time: 2026-09-29 08:22:36 UTC
Magnitude: 0.74  Depth: 16.75 km
Fault: 2km from San Jacinto (Anza) rev (ON FAULT)</description>
      <styleUrl>#isolated</styleUrl>
      <Point><coordinates>-116.783,33.677166666667,0</coordinates></Point>
    </Placemark>
    <Placemark>
      <n>M3.4 — ANTOFAGASTA, CHILE</n>
      <description>Network: EMSC
Time: 2026-09-29 08:23:43 UTC
Magnitude: 3.4  Depth: 123.2 km
Fault: 92km from Chuculay 3 (fault zone)</description>
      <styleUrl>#isolated</styleUrl>
      <Point><coordinates>-68.84,-21.4,0</coordinates></Point>
    </Placemark>
    <Placemark>
      <n>M2.6 — BIO-BIO, CHILE</n>
      <description>Network: EMSC
Time: 2026-09-29 08:24:06 UTC
Magnitude: 2.6  Depth: 60.0 km
Fault: 93km from Zona de falla Antiñir-Copahue (fault zone)</description>
      <styleUrl>#isolated</styleUrl>
      <Point><coordinates>-72.12,-36.41,0</coordinates></Point>
    </Placemark>
    <Placemark>
      <n>M1.1 — CENTRAL TURKEY</n>
      <description>Network: EMSC
Time: 2026-09-29 08:24:11 UTC
Magnitude: 1.1  Depth: 7.5 km
Fault: 9km from Unknown (ON FAULT)</description>
      <styleUrl>#isolated</styleUrl>
      <Point><coordinates>37.9855,38.095,0</coordinates></Point>
    </Placemark>
    <Placemark>
      <n>M2.0 — EASTERN TURKEY</n>
      <description>Network: USGS
Time: 2026-09-29 08:27:17 UTC
Magnitude: 2.0  Depth: 7.0 km
Fault: 15km from Unknown (near fault)</description>
      <styleUrl>#isolated</styleUrl>
      <Point><coordinates>39.9225,39.7467,0</coordinates></Point>
    </Placemark>
    <Placemark>
      <n>M3.7 — FLORES REGION, INDONESIA</n>
      <description>Network: USGS
Time: 2026-09-29 08:27:49 UTC
Magnitude: 3.7  Depth: 10.0 km
Fault: 66km from Unknown (fault zone)</description>
      <styleUrl>#isolated</styleUrl>
      <Point><coordinates>120.25,-8.33,0</coordinates></Point>
    </Placemark>
    <Placemark>
      <n>M1.0 — 1 km NNW of Redwood Valley, CA</n>
      <description>Network: EMSC
Time: 2026-09-29 08:29:45 UTC
Magnitude: 1.0  Depth: 4.5700001716614 km
Fault: 3km from Maacama 2011 CFM (ON FAULT)</description>
      <styleUrl>#isolated</styleUrl>
      <Point><coordinates>-123.2123336792,39.276000976562,0</coordinates></Point>
    </Placemark>
    <Placemark>
      <n>M3.5 — OFFSHORE GUATEMALA</n>
      <description>Network: EMSC
Time: 2026-09-29 08:34:18 UTC
Magnitude: 3.5  Depth: 29.0 km
Fault: 95km from Tononicapan Fault (fault zone)</description>
      <styleUrl>#isolated</styleUrl>
      <Point><coordinates>-92.264,14.382,0</coordinates></Point>
    </Placemark>
    <Placemark>
      <n>M0.48 — 33 km E of West Yellowstone, Montana</n>
      <description>Network: USGS
Time: 2026-09-29 08:34:53 UTC
Magnitude: 0.48  Depth: 5.01 km
Fault: 27km from Eagle Bay fault (near fault)</description>
      <styleUrl>#isolated</styleUrl>
      <Point><coordinates>-110.67816666667,44.658333333333,0</coordinates></Point>
    </Placemark>
    <Placemark>
      <n>M2.1 — GEORGIA (SAK'ART'VELO)</n>
      <description>Network: EMSC
Time: 2026-09-29 08:36:59 UTC
Magnitude: 2.1  Depth: 5.8 km
Fault: 10km from Unknown (near fault)</description>
      <styleUrl>#isolated</styleUrl>
      <Point><coordinates>43.4094,41.3094,0</coordinates></Point>
    </Placemark>
    <Placemark>
      <n>M3.7 — OFF COAST OF JALISCO, MEXICO</n>
      <description>Network: USGS
Time: 2026-09-29 08:38:42 UTC
Magnitude: 3.7  Depth: 5.0 km
Fault: 14km from Unknown (near fault)</description>
      <styleUrl>#isolated</styleUrl>
      <Point><coordinates>-106.149,18.614,0</coordinates></Point>
    </Placemark>
    <Placemark>
      <n>M3.2 — OFFSHORE GUERRERO, MEXICO</n>
      <description>Network: EMSC
Time: 2026-09-29 08:39:09 UTC
Magnitude: 3.2  Depth: 9.0 km
Fault: 51km from Unknown (fault zone)</description>
      <styleUrl>#isolated</styleUrl>
      <Point><coordinates>-101.171,17.292,0</coordinates></Point>
    </Placemark>
    <Placemark>
      <n>M1.4 — WESTERN TURKEY</n>
      <description>Network: EMSC
Time: 2026-09-29 08:40:56 UTC
Magnitude: 1.4  Depth: 7.0 km
Fault: 8km from Unknown (ON FAULT)</description>
      <styleUrl>#isolated</styleUrl>
      <Point><coordinates>29.4153,37.7739,0</coordinates></Point>
    </Placemark>
    <Placemark>
      <n>M1.94 — 4 km SSW of Pāhala, Hawaii</n>
      <description>Network: USGS
Time: 2026-09-29 08:41:37 UTC
Magnitude: 1.94  Depth: 32.209999084473 km
Fault: 1km from Unknown (ON FAULT)</description>
      <styleUrl>#isolated</styleUrl>
      <Point><coordinates>-155.50149536133,19.170000076294,0</coordinates></Point>
    </Placemark>
    <Placemark>
      <n>M0.55 — 5 km ENE of Hebgen Lake Estates, Montana</n>
      <description>Network: USGS
Time: 2026-09-29 08:43:53 UTC
Magnitude: 0.55  Depth: 9.64 km
Fault: 1km from Hebgen-Red Canyon fault (ON FAULT)</description>
      <styleUrl>#isolated</styleUrl>
      <Point><coordinates>-111.12366666667,44.785166666667,0</coordinates></Point>
    </Placemark>
    <Placemark>
      <n>M3.4 — MINDANAO, PHILIPPINES</n>
      <description>Network: USGS
Time: 2026-09-29 08:44:31 UTC
Magnitude: 3.4  Depth: 31.0 km
Fault: 53km from Lianga Fault (fault zone)</description>
      <styleUrl>#isolated</styleUrl>
      <Point><coordinates>126.43,8.96,0</coordinates></Point>
    </Placemark>
    <Placemark>
      <n>M1.7 — 22 km NNW of Eagle, Alaska</n>
      <description>Network: USGS
Time: 2026-09-29 08:46:02 UTC
Magnitude: 1.7  Depth: 2.1 km
Fault: 16km from Unknown (near fault)</description>
      <styleUrl>#isolated</styleUrl>
      <Point><coordinates>-141.346,64.984,0</coordinates></Point>
    </Placemark>
    <Placemark>
      <n>M1.22 — 5 km NE of Beaumont, CA</n>
      <description>Network: EMSC
Time: 2026-09-29 08:47:22 UTC
Magnitude: 1.22  Depth: 16.31 km
Fault: 1km from San Gorgonio Pass (ON FAULT)</description>
      <styleUrl>#isolated</styleUrl>
      <Point><coordinates>-116.94583333333,33.967166666667,0</coordinates></Point>
    </Placemark>
    <Placemark>
      <n>M1.12 — 5 km SE of Maplewood, Washington</n>
      <description>Network: USGS
Time: 2026-09-29 08:48:21 UTC
Magnitude: 1.12  Depth: 21.6 km
Fault: 1km from Tacoma fault zone (ON FAULT)</description>
      <styleUrl>#isolated</styleUrl>
      <Point><coordinates>-122.49566666667,47.373,0</coordinates></Point>
    </Placemark>
    <Placemark>
      <n>M1.68 — 2 km NW of Hollister, CA</n>
      <description>Network: EMSC
Time: 2026-09-29 08:55:04 UTC
Magnitude: 1.68  Depth: 5.1300001144409 km
Fault: 1km from Calaveras (So) 2011 CFM (ON FAULT)</description>
      <styleUrl>#isolated</styleUrl>
      <Point><coordinates>-121.41683197022,36.858833312988,0</coordinates></Point>
    </Placemark>
    <Placemark>
      <n>M1.7 — CENTRAL TURKEY</n>
      <description>Network: EMSC
Time: 2026-09-29 08:58:02 UTC
Magnitude: 1.7  Depth: 7.0 km
Fault: 17km from Unknown (near fault)</description>
      <styleUrl>#isolated</styleUrl>
      <Point><coordinates>36.1963,37.8197,0</coordinates></Point>
    </Placemark>
    <Placemark>
      <n>M2.9 — OFFSHORE VALPARAISO, CHILE</n>
      <description>Network: EMSC
Time: 2026-09-29 09:08:33 UTC
Magnitude: 2.9  Depth: 27.7 km
Fault: 40km from Falla Topocalma 002b (near fault)</description>
      <styleUrl>#isolated</styleUrl>
      <Point><coordinates>-72.1,-33.75,0</coordinates></Point>
    </Placemark>
    <Placemark>
      <n>M3.1 — LEYTE, PHILIPPINES</n>
      <description>Network: USGS
Time: 2026-09-29 09:09:49 UTC
Magnitude: 3.1  Depth: 4.0 km
Fault: 53km from Leyte Fault North1 (fault zone)</description>
      <styleUrl>#isolated</styleUrl>
      <Point><coordinates>124.09,11.1,0</coordinates></Point>
    </Placemark>
    <Placemark>
      <n>M2.7 — TARAPACA, CHILE</n>
      <description>Network: EMSC
Time: 2026-09-29 09:11:30 UTC
Magnitude: 2.7  Depth: 120.2 km
Fault: 106km from Chuculay 3 (fault zone)</description>
      <styleUrl>#isolated</styleUrl>
      <Point><coordinates>-68.87,-20.5,0</coordinates></Point>
    </Placemark>
    <Placemark>
      <n>M3.2 — WESTERN HONSHU, JAPAN</n>
      <description>Network: USGS
Time: 2026-09-29 09:12:30 UTC
Magnitude: 3.2  Depth: 10.0 km
Fault: 9km from Sakota-Ikumo (ON FAULT)</description>
      <styleUrl>#isolated</styleUrl>
      <Point><coordinates>131.6,34.5,0</coordinates></Point>
    </Placemark>
    <Placemark>
      <n>M4.4 — OFF EAST COAST OF KAMCHATKA</n>
      <description>Network: EMSC
Time: 2026-09-29 09:14:17 UTC
Magnitude: 4.4  Depth: 50.0 km
Fault: 29km from Unknown (near fault)</description>
      <styleUrl>#isolated</styleUrl>
      <Point><coordinates>160.18,51.52,0</coordinates></Point>
    </Placemark>
    <Placemark>
      <n>M1.1 — NEAR THE COAST OF WESTERN TURKEY</n>
      <description>Network: EMSC
Time: 2026-09-29 09:16:19 UTC
Magnitude: 1.1  Depth: 7.0 km
Fault: 2km from Unknown (ON FAULT)</description>
      <styleUrl>#isolated</styleUrl>
      <Point><coordinates>26.771,39.9543,0</coordinates></Point>
    </Placemark>
    <Placemark>
      <n>M3.5 — OFFSHORE ANTOFAGASTA, CHILE</n>
      <description>Network: EMSC
Time: 2026-09-29 09:18:51 UTC
Magnitude: 3.5  Depth: 48.4 km
Fault: 37km from Unknown (near fault)</description>
      <styleUrl>#isolated</styleUrl>
      <Point><coordinates>-70.75,-22.17,0</coordinates></Point>
    </Placemark>
    <Placemark>
      <n>M0.8 — 85 km NNW of Karluk, Alaska</n>
      <description>Network: EMSC
Time: 2026-09-29 09:20:26 UTC
Magnitude: 0.8  Depth: 5.0 km
Fault: 179km from Unknown (inter-fault)</description>
      <styleUrl>#isolated</styleUrl>
      <Point><coordinates>-154.985,58.283,0</coordinates></Point>
    </Placemark>
    <Placemark>
      <n>M1.6 — CENTRAL TURKEY</n>
      <description>Network: USGS
Time: 2026-09-29 09:22:06 UTC
Magnitude: 1.6  Depth: 7.7 km
Fault: 0km from Unknown (ON FAULT)</description>
      <styleUrl>#isolated</styleUrl>
      <Point><coordinates>35.216,38.8833,0</coordinates></Point>
    </Placemark>
    <Placemark>
      <n>M1.46 — 7 km NW of The Geysers, CA</n>
      <description>Network: USGS
Time: 2026-09-29 09:22:28 UTC
Magnitude: 1.46  Depth: 2.079999923706 km
Fault: 6km from Collayami 2011 CFM (ON FAULT)</description>
      <styleUrl>#isolated</styleUrl>
      <Point><coordinates>-122.81449890137,38.826332092285,0</coordinates></Point>
    </Placemark>
    <Placemark>
      <n>M2.8 — SICILY, ITALY</n>
      <description>Network: EMSC
Time: 2026-09-29 09:26:44 UTC
Magnitude: 2.8  Depth: 297.1 km
Fault: 44km from Unknown (near fault)</description>
      <styleUrl>#isolated</styleUrl>
      <Point><coordinates>15.1467,38.9852,0</coordinates></Point>
    </Placemark>
    <Placemark>
      <n>M3.5 — SALTA, ARGENTINA</n>
      <description>Network: USGS
Time: 2026-09-29 09:31:58 UTC
Magnitude: 3.5  Depth: 194.6 km
Fault: 193km from Grupo de fallas Medeiros (inter-fault)</description>
      <styleUrl>#isolated</styleUrl>
      <Point><coordinates>-67.28,-24.28,0</coordinates></Point>
    </Placemark>
    <Placemark>
      <n>M3.3 — OFFSHORE GUERRERO, MEXICO</n>
      <description>Network: USGS
Time: 2026-09-29 09:32:32 UTC
Magnitude: 3.3  Depth: 21.6 km
Fault: 45km from Middle America Trench megathrust (near fault)</description>
      <styleUrl>#isolated</styleUrl>
      <Point><coordinates>-100.305,16.868,0</coordinates></Point>
    </Placemark>
    <Placemark>
      <n>M2.5 — ISLAND OF HAWAII, HAWAII</n>
      <description>Network: USGS
Time: 2026-09-29 09:39:39 UTC
Magnitude: 2.5  Depth: 6.2 km
Fault: 2km from Holei Pali section (ON FAULT)</description>
      <styleUrl>#isolated</styleUrl>
      <Point><coordinates>-155.1398,19.3317,0</coordinates></Point>
    </Placemark>
    <Placemark>
      <n>M0.9 — 86 km NNW of Karluk, Alaska</n>
      <description>Network: USGS
Time: 2026-09-29 09:44:46 UTC
Magnitude: 0.9  Depth: 5.0 km
Fault: 179km from Unknown (inter-fault)</description>
      <styleUrl>#isolated</styleUrl>
      <Point><coordinates>-154.988,58.29,0</coordinates></Point>
    </Placemark>
    <Placemark>
      <n>M3.1 — NEVADA</n>
      <description>Network: EMSC
Time: 2026-09-29 09:50:11 UTC
Magnitude: 3.1  Depth: 0.0 km
Fault: 20km from Railroad Valley fault zone (near fault)</description>
      <styleUrl>#isolated</styleUrl>
      <Point><coordinates>-115.2879,38.9214,0</coordinates></Point>
    </Placemark>
    <Placemark>
      <n>M1.2 — WESTERN TURKEY</n>
      <description>Network: EMSC
Time: 2026-09-29 09:51:08 UTC
Magnitude: 1.2  Depth: 7.0 km
Fault: 4km from Unknown (ON FAULT)</description>
      <styleUrl>#isolated</styleUrl>
      <Point><coordinates>27.294,38.4,0</coordinates></Point>
    </Placemark>
    <Placemark>
      <n>M1.1 — GERMANY</n>
      <description>Network: EMSC
Time: 2026-09-29 09:53:33 UTC
Magnitude: 1.1  Depth: 2.0 km
Fault: 53km from Unknown (fault zone)</description>
      <styleUrl>#isolated</styleUrl>
      <Point><coordinates>8.3119,47.6844,0</coordinates></Point>
    </Placemark>
    <Placemark>
      <n>M0.1 — 8 km NW of Dutch Harbor, Alaska</n>
      <description>Network: EMSC
Time: 2026-09-29 09:54:40 UTC
Magnitude: 0.1  Depth: 11.09 km
Fault: 167km from Unknown (inter-fault)</description>
      <styleUrl>#isolated</styleUrl>
      <Point><coordinates>-166.6225,53.9495,0</coordinates></Point>
    </Placemark>
    <Placemark>
      <n>M1.1 — WESTERN TURKEY</n>
      <description>Network: EMSC
Time: 2026-09-29 09:56:03 UTC
Magnitude: 1.1  Depth: 7.0 km
Fault: 6km from Unknown (ON FAULT)</description>
      <styleUrl>#isolated</styleUrl>
      <Point><coordinates>26.9503,40.0505,0</coordinates></Point>
    </Placemark>
    <Placemark>
      <n>M-0.14 — 13 km NNE of Ashford, Washington</n>
      <description>Network: EMSC
Time: 2026-09-29 09:59:44 UTC
Magnitude: -0.14  Depth: 2.41 km
Fault: 71km from Tacoma fault zone (fault zone)</description>
      <styleUrl>#isolated</styleUrl>
      <Point><coordinates>-121.95183333333,46.864333333333,0</coordinates></Point>
    </Placemark>
    <Placemark>
      <n>M0.96 — 15 km N of Borrego Springs, CA</n>
      <description>Network: EMSC
Time: 2026-09-29 10:00:17 UTC
Magnitude: 0.96  Depth: 3.29 km
Fault: 2km from San Jacinto (Clark) rev (ON FAULT)</description>
      <styleUrl>#isolated</styleUrl>
      <Point><coordinates>-116.38533333333,33.3905,0</coordinates></Point>
    </Placemark>
    <Placemark>
      <n>M3.2 — BAJA CALIFORNIA, MEXICO</n>
      <description>Network: EMSC
Time: 2026-09-29 10:02:18 UTC
Magnitude: 3.2  Depth: 9.6 km
Fault: 6km from San Pedro Martir (ON FAULT)</description>
      <styleUrl>#isolated</styleUrl>
      <Point><coordinates>-115.169,30.882,0</coordinates></Point>
    </Placemark>
    <Placemark>
      <n>M3.5 — VERACRUZ, MEXICO</n>
      <description>Network: EMSC
Time: 2026-09-29 10:03:02 UTC
Magnitude: 3.5  Depth: 134.3 km
Fault: 38km from Unknown (near fault)</description>
      <styleUrl>#isolated</styleUrl>
      <Point><coordinates>-94.704,17.364,0</coordinates></Point>
    </Placemark>
    <Placemark>
      <n>M2.1 — FRANCE</n>
      <description>Network: EMSC
Time: 2026-09-29 10:04:38 UTC
Magnitude: 2.1  Depth: 5.0 km
Fault: 192km from Unknown (inter-fault)</description>
      <styleUrl>#isolated</styleUrl>
      <Point><coordinates>5.0454,47.3664,0</coordinates></Point>
    </Placemark>
    <Placemark>
      <n>M1.7 — STRAIT OF GIBRALTAR</n>
      <description>Network: EMSC
Time: 2026-09-29 10:04:49 UTC
Magnitude: 1.7  Depth: 32.0 km
Fault: 55km from Unknown (fault zone)</description>
      <styleUrl>#isolated</styleUrl>
      <Point><coordinates>-7.2515,36.7404,0</coordinates></Point>
    </Placemark>
    <Placemark>
      <n>M3.2 — 28 km W of Elfin Cove, Alaska</n>
      <description>Network: USGS
Time: 2026-09-29 10:14:35 UTC
Magnitude: 3.2  Depth: 8.0 km
Fault: 1km from Unknown (ON FAULT)</description>
      <styleUrl>#isolated</styleUrl>
      <Point><coordinates>-136.833,58.195,0</coordinates></Point>
    </Placemark>
    <Placemark>
      <n>M1.4 — WESTERN TURKEY</n>
      <description>Network: EMSC
Time: 2026-09-29 10:17:06 UTC
Magnitude: 1.4  Depth: 7.0 km
Fault: 1km from Unknown (ON FAULT)</description>
      <styleUrl>#isolated</styleUrl>
      <Point><coordinates>30.0003,40.424,0</coordinates></Point>
    </Placemark>
    <Placemark>
      <n>M2.23 — 3 km SSE of Costa Mesa, CA</n>
      <description>Network: USGS
Time: 2026-09-29 10:17:58 UTC
Magnitude: 2.23  Depth: 7.68 km
Fault: 4km from Newport-Inglewood alt 2 (ON FAULT)</description>
      <styleUrl>#isolated</styleUrl>
      <Point><coordinates>-117.90483333333,33.6415,0</coordinates></Point>
    </Placemark>
    <Placemark>
      <n>M2.4 — POLAND</n>
      <description>Network: EMSC
Time: 2026-09-29 10:18:49 UTC
Magnitude: 2.4  Depth: 1.0 km
Fault: 200km from Unknown (inter-fault)</description>
      <styleUrl>#isolated</styleUrl>
      <Point><coordinates>19.3331,50.0976,0</coordinates></Point>
    </Placemark>
    <Placemark>
      <n>M1.0 — EASTERN TURKEY</n>
      <description>Network: MULTI
Time: 2026-09-29 10:22:30 UTC
Magnitude: 1.0  Depth: 7.0 km
Fault: 26km from Unknown (near fault)</description>
      <styleUrl>#isolated</styleUrl>
      <Point><coordinates>38.7568,38.4888,0</coordinates></Point>
    </Placemark>
    <Placemark>
      <n>M1.1 — WESTERN TURKEY</n>
      <description>Network: USGS
Time: 2026-09-29 10:22:33 UTC
Magnitude: 1.1  Depth: 7.0 km
Fault: 1km from Unknown (ON FAULT)</description>
      <styleUrl>#isolated</styleUrl>
      <Point><coordinates>27.0402,40.0297,0</coordinates></Point>
    </Placemark>
    <Placemark>
      <n>M1.9 — 6 km ENE of Big Lake, Alaska</n>
      <description>Network: USGS
Time: 2026-09-29 10:22:49 UTC
Magnitude: 1.9  Depth: 69.0 km
Fault: 8km from Susitna section (ON FAULT)</description>
      <styleUrl>#isolated</styleUrl>
      <Point><coordinates>-149.846,61.544,0</coordinates></Point>
    </Placemark>
    <Placemark>
      <n>M2.5 — 71 km WSW of Nanwalek, Alaska</n>
      <description>Network: EMSC
Time: 2026-09-29 10:26:03 UTC
Magnitude: 2.5  Depth: 74.5 km
Fault: 129km from Unknown (fault zone)</description>
      <styleUrl>#isolated</styleUrl>
      <Point><coordinates>-153.117,59.162,0</coordinates></Point>
    </Placemark>
    <Placemark>
      <n>M3.4 — OAXACA, MEXICO</n>
      <description>Network: EMSC
Time: 2026-09-29 10:28:16 UTC
Magnitude: 3.4  Depth: 113.3 km
Fault: 52km from Unknown (fault zone)</description>
      <styleUrl>#isolated</styleUrl>
      <Point><coordinates>-94.335,16.791,0</coordinates></Point>
    </Placemark>
    <Placemark>
      <n>M1.5 — WESTERN TURKEY</n>
      <description>Network: USGS
Time: 2026-09-29 10:29:44 UTC
Magnitude: 1.5  Depth: 16.3 km
Fault: 1km from Unknown (ON FAULT)</description>
      <styleUrl>#isolated</styleUrl>
      <Point><coordinates>29.0924,40.7878,0</coordinates></Point>
    </Placemark>
    <Placemark>
      <n>M1.0 — 9 km E of Gilroy, CA</n>
      <description>Network: EMSC
Time: 2026-09-29 10:34:21 UTC
Magnitude: 1.0  Depth: 7.4400000572205 km
Fault: 1km from Calaveras (So) 2011 CFM (ON FAULT)</description>
      <styleUrl>#isolated</styleUrl>
      <Point><coordinates>-121.47166442871,37.01233291626,0</coordinates></Point>
    </Placemark>
    <Placemark>
      <n>M3.9 — GUATEMALA</n>
      <description>Network: USGS
Time: 2026-09-29 10:35:08 UTC
Magnitude: 3.9  Depth: 5.0 km
Fault: 13km from Polochic Fault-Cuilco Segment (near fault)</description>
      <styleUrl>#isolated</styleUrl>
      <Point><coordinates>-91.566,15.506,0</coordinates></Point>
    </Placemark>
    <Placemark>
      <n>M3.0 — LEYTE, PHILIPPINES</n>
      <description>Network: USGS
Time: 2026-09-29 10:36:42 UTC
Magnitude: 3.0  Depth: 6.0 km
Fault: 71km from Unknown (fault zone)</description>
      <styleUrl>#isolated</styleUrl>
      <Point><coordinates>125.59,10.89,0</coordinates></Point>
    </Placemark>
    <Placemark>
      <n>M2.7 — SALTA, ARGENTINA</n>
      <description>Network: USGS
Time: 2026-09-29 10:37:35 UTC
Magnitude: 2.7  Depth: 144.9 km
Fault: 235km from Paranal (inter-fault)</description>
      <styleUrl>#isolated</styleUrl>
      <Point><coordinates>-68.01,-24.63,0</coordinates></Point>
    </Placemark>
    <Placemark>
      <n>M2.9 — STRAIT OF GIBRALTAR</n>
      <description>Network: EMSC
Time: 2026-09-29 10:39:46 UTC
Magnitude: 2.9  Depth: 50.0 km
Fault: 40km from Unknown (near fault)</description>
      <styleUrl>#isolated</styleUrl>
      <Point><coordinates>-4.5876,35.8027,0</coordinates></Point>
    </Placemark>
    <Placemark>
      <n>M3.3 — OAXACA, MEXICO</n>
      <description>Network: EMSC
Time: 2026-09-29 10:41:52 UTC
Magnitude: 3.3  Depth: 116.9 km
Fault: 65km from Unknown (fault zone)</description>
      <styleUrl>#isolated</styleUrl>
      <Point><coordinates>-94.674,16.799,0</coordinates></Point>
    </Placemark>
    <Placemark>
      <n>M2.7 — TARAPACA, CHILE</n>
      <description>Network: EMSC
Time: 2026-09-29 10:42:10 UTC
Magnitude: 2.7  Depth: 95.2 km
Fault: 45km from Falla Sama-Calientes (near fault)</description>
      <styleUrl>#isolated</styleUrl>
      <Point><coordinates>-69.8,-18.38,0</coordinates></Point>
    </Placemark>
    <Placemark>
      <n>M2.2 — FRANCE</n>
      <description>Network: EMSC
Time: 2026-09-29 10:45:57 UTC
Magnitude: 2.2  Depth: 5.0 km
Fault: 571km from Unknown (inter-fault)</description>
      <styleUrl>#isolated</styleUrl>
      <Point><coordinates>-0.9976,48.113,0</coordinates></Point>
    </Placemark>
    <Placemark>
      <n>M3.8 — MINDANAO, PHILIPPINES</n>
      <description>Network: EMSC
Time: 2026-09-29 10:48:16 UTC
Magnitude: 3.8  Depth: 10.0 km
Fault: 56km from Offshore Davao Gulf (fault zone)</description>
      <styleUrl>#isolated</styleUrl>
      <Point><coordinates>125.39,5.32,0</coordinates></Point>
    </Placemark>
    <Placemark>
      <n>M1.76 — 7 km SSW of Pāhala, Hawaii</n>
      <description>Network: MULTI
Time: 2026-09-29 10:48:29 UTC
Magnitude: 1.76  Depth: 27.420000076294 km
Fault: 0km from Unknown (ON FAULT)</description>
      <styleUrl>#isolated</styleUrl>
      <Point><coordinates>-155.49433898926,19.141166687012,0</coordinates></Point>
    </Placemark>
    <Placemark>
      <n>M1.5 — 11 km ESE of Pearsall, Texas</n>
      <description>Network: EMSC
Time: 2026-09-29 10:54:08 UTC
Magnitude: 1.5  Depth: 8.5075 km
Fault: unavailable</description>
      <styleUrl>#isolated</styleUrl>
      <Point><coordinates>-98.99,28.852,0</coordinates></Point>
    </Placemark>
    <Placemark>
      <n>M1.4 — WESTERN TURKEY</n>
      <description>Network: EMSC
Time: 2026-09-29 11:03:02 UTC
Magnitude: 1.4  Depth: 7.0 km
Fault: 18km from Unknown (near fault)</description>
      <styleUrl>#isolated</styleUrl>
      <Point><coordinates>29.1411,38.8378,0</coordinates></Point>
    </Placemark>
    <Placemark>
      <n>M2.35 — 3 km SW of Guánica, Puerto Rico</n>
      <description>Network: USGS
Time: 2026-09-29 11:07:10 UTC
Magnitude: 2.35  Depth: 9.85 km
Fault: 21km from South Lajas Fault (near fault)</description>
      <styleUrl>#isolated</styleUrl>
      <Point><coordinates>-66.936833333333,17.948833333333,0</coordinates></Point>
    </Placemark>
    <Placemark>
      <n>M2.8 — MENDOZA, ARGENTINA</n>
      <description>Network: EMSC
Time: 2026-09-29 11:10:16 UTC
Magnitude: 2.8  Depth: 211.0 km
Fault: 155km from Falla Cerro La Cal (inter-fault)</description>
      <styleUrl>#isolated</styleUrl>
      <Point><coordinates>-67.359,-33.539,0</coordinates></Point>
    </Placemark>
    <Placemark>
      <n>M1.6 — 10 km ESE of Pearsall, Texas</n>
      <description>Network: EMSC
Time: 2026-09-29 11:11:17 UTC
Magnitude: 1.6  Depth: 7.5293 km
Fault: unavailable</description>
      <styleUrl>#isolated</styleUrl>
      <Point><coordinates>-98.997,28.855,0</coordinates></Point>
    </Placemark>
    <Placemark>
      <n>M2.5 — FRANCE</n>
      <description>Network: EMSC
Time: 2026-09-29 11:14:33 UTC
Magnitude: 2.5  Depth: 5.0 km
Fault: 254km from Unknown (inter-fault)</description>
      <styleUrl>#isolated</styleUrl>
      <Point><coordinates>2.9772,45.2704,0</coordinates></Point>
    </Placemark>
    <Placemark>
      <n>M1.78 — 1 km WNW of Captain Cook, Hawaii</n>
      <description>Network: USGS
Time: 2026-09-29 11:14:59 UTC
Magnitude: 1.78  Depth: 14.25 km
Fault: 2km from Unknown (ON FAULT)</description>
      <styleUrl>#isolated</styleUrl>
      <Point><coordinates>-155.93699645996,19.504667282104,0</coordinates></Point>
    </Placemark>
    <Placemark>
      <n>M2.0 — PORTUGAL</n>
      <description>Network: EMSC
Time: 2026-09-29 11:17:07 UTC
Magnitude: 2.0  Depth: 5.4 km
Fault: 20km from Unknown (near fault)</description>
      <styleUrl>#isolated</styleUrl>
      <Point><coordinates>-8.9067,41.1234,0</coordinates></Point>
    </Placemark>
    <Placemark>
      <n>M2.7 — OFF COAST OF COSTA RICA</n>
      <description>Network: EMSC
Time: 2026-09-29 11:22:34 UTC
Magnitude: 2.7  Depth: 51.0 km
Fault: 17km from Middle America Trench megathrust (near fault)</description>
      <styleUrl>#isolated</styleUrl>
      <Point><coordinates>-86.403,10.193,0</coordinates></Point>
    </Placemark>
    <Placemark>
      <n>M4.8 — VANUATU</n>
      <description>Network: EMSC
Time: 2026-09-29 11:27:48 UTC
Magnitude: 4.8  Depth: 10.0 km
Fault: 13km from Unknown (near fault)</description>
      <styleUrl>#isolated</styleUrl>
      <Point><coordinates>167.5446,-18.2306,0</coordinates></Point>
    </Placemark>
    <Placemark>
      <n>M1.3 — 6 km WNW of Cobb, CA</n>
      <description>Network: USGS
Time: 2026-09-29 11:28:59 UTC
Magnitude: 1.3  Depth: 1.960000038147 km
Fault: 4km from Collayami 2011 CFM (ON FAULT)</description>
      <styleUrl>#isolated</styleUrl>
      <Point><coordinates>-122.79266357422,38.835166931152,0</coordinates></Point>
    </Placemark>
    <Placemark>
      <n>M3.3 — SOUTHERN SUMATRA, INDONESIA</n>
      <description>Network: EMSC
Time: 2026-09-29 11:31:56 UTC
Magnitude: 3.3  Depth: 10.0 km
Fault: 7km from Unknown (ON FAULT)</description>
      <styleUrl>#isolated</styleUrl>
      <Point><coordinates>104.55,-5.67,0</coordinates></Point>
    </Placemark>
    <Placemark>
      <n>M4.8 — OFFSHORE NORTHERN CALIFORNIA</n>
      <description>Network: EMSC
Time: 2026-09-29 11:36:39 UTC
Magnitude: 4.8  Depth: 14.0 km
Fault: 0km from Mendocino (ON FAULT)</description>
      <styleUrl>#isolated</styleUrl>
      <Point><coordinates>-125.3697,40.3987,0</coordinates></Point>
    </Placemark>
    <Placemark>
      <n>M1.1 — 12 km W of Fishhook, Alaska</n>
      <description>Network: EMSC
Time: 2026-09-29 11:39:45 UTC
Magnitude: 1.1  Depth: 12.7 km
Fault: 7km from Susitna section (ON FAULT)</description>
      <styleUrl>#isolated</styleUrl>
      <Point><coordinates>-149.476,61.749,0</coordinates></Point>
    </Placemark>
    <Placemark>
      <n>M4.0 — GULF OF CALIFORNIA</n>
      <description>Network: EMSC
Time: 2026-09-29 11:49:13 UTC
Magnitude: 4.0  Depth: 10.0 km
Fault: 3km from Unknown (ON FAULT)</description>
      <styleUrl>#isolated</styleUrl>
      <Point><coordinates>-111.801,27.72,0</coordinates></Point>
    </Placemark>
    <Placemark>
      <n>M1.5 — SPAIN</n>
      <description>Network: EMSC
Time: 2026-09-29 11:49:46 UTC
Magnitude: 1.5  Depth: 3.5 km
Fault: 2km from Unknown (ON FAULT)</description>
      <styleUrl>#isolated</styleUrl>
      <Point><coordinates>-3.5701,37.1058,0</coordinates></Point>
    </Placemark>
    <Placemark>
      <n>M3.3 — AZERBAIJAN</n>
      <description>Network: EMSC
Time: 2026-09-29 11:50:03 UTC
Magnitude: 3.3  Depth: 24.8 km
Fault: 12km from Unknown (near fault)</description>
      <styleUrl>#isolated</styleUrl>
      <Point><coordinates>48.527,38.8486,0</coordinates></Point>
    </Placemark>
    <Placemark>
      <n>M1.8 — DODECANESE IS.-TURKEY BORDER REG</n>
      <description>Network: USGS
Time: 2026-09-29 11:51:52 UTC
Magnitude: 1.8  Depth: 7.0 km
Fault: 7km from Unknown (ON FAULT)</description>
      <styleUrl>#isolated</styleUrl>
      <Point><coordinates>27.6008,36.8957,0</coordinates></Point>
    </Placemark>
    <Placemark>
      <n>M0.75 — 7 km S of Idyllwild, CA</n>
      <description>Network: EMSC
Time: 2026-09-29 11:55:48 UTC
Magnitude: 0.75  Depth: 14.59 km
Fault: 5km from San Jacinto (Anza) rev (ON FAULT)</description>
      <styleUrl>#isolated</styleUrl>
      <Point><coordinates>-116.73183333333,33.682,0</coordinates></Point>
    </Placemark>
    <Placemark>
      <n>M3.5 — KEPULAUAN TALAUD, INDONESIA</n>
      <description>Network: EMSC
Time: 2026-09-29 11:56:28 UTC
Magnitude: 3.5  Depth: 10.0 km
Fault: 38km from Unknown (near fault)</description>
      <styleUrl>#isolated</styleUrl>
      <Point><coordinates>126.43,3.21,0</coordinates></Point>
    </Placemark>
    <Placemark>
      <n>M0.73 — 6 km WNW of Cobb, CA</n>
      <description>Network: EMSC
Time: 2026-09-29 11:57:18 UTC
Magnitude: 0.73  Depth: 2.0499999523163 km
Fault: 4km from Collayami 2011 CFM (ON FAULT)</description>
      <styleUrl>#isolated</styleUrl>
      <Point><coordinates>-122.79216766357,38.836166381836,0</coordinates></Point>
    </Placemark>
    <Placemark>
      <n>M3.8 — JAVA, INDONESIA</n>
      <description>Network: USGS
Time: 2026-09-29 11:57:38 UTC
Magnitude: 3.8  Depth: 107.0 km
Fault: 178km from Unknown (inter-fault)</description>
      <styleUrl>#isolated</styleUrl>
      <Point><coordinates>112.22,-8.65,0</coordinates></Point>
    </Placemark>
    <Placemark>
      <n>M3.4 — FLORES SEA</n>
      <description>Network: USGS
Time: 2026-09-29 11:58:27 UTC
Magnitude: 3.4  Depth: 20.0 km
Fault: 9km from Unknown (ON FAULT)</description>
      <styleUrl>#isolated</styleUrl>
      <Point><coordinates>120.47,-7.84,0</coordinates></Point>
    </Placemark>
    <Placemark>
      <n>M1.09 — 11 km N of Hollister, CA</n>
      <description>Network: EMSC
Time: 2026-09-29 12:01:52 UTC
Magnitude: 1.09  Depth: 8.7299995422363 km
Fault: 2km from Calaveras (So) 2011 CFM (ON FAULT)</description>
      <styleUrl>#isolated</styleUrl>
      <Point><coordinates>-121.41899871826,36.94649887085,0</coordinates></Point>
    </Placemark>
    <Placemark>
      <n>M2.2 — NORTHERN ALGERIA</n>
      <description>Network: MULTI
Time: 2026-09-29 12:02:15 UTC
Magnitude: 2.2  Depth: 7.2 km
Fault: 4km from Unknown (ON FAULT)</description>
      <styleUrl>#isolated</styleUrl>
      <Point><coordinates>-0.8629,35.9567,0</coordinates></Point>
    </Placemark>
    <Placemark>
      <n>M3.1 — FLORES REGION, INDONESIA</n>
      <description>Network: EMSC
Time: 2026-09-29 12:02:47 UTC
Magnitude: 3.1  Depth: 10.0 km
Fault: 58km from Unknown (fault zone)</description>
      <styleUrl>#isolated</styleUrl>
      <Point><coordinates>120.53,-8.35,0</coordinates></Point>
    </Placemark>
    <Placemark>
      <n>M3.3 — NORTH ISLAND OF NEW ZEALAND</n>
      <description>Network: EMSC
Time: 2026-09-29 12:18:19 UTC
Magnitude: 3.3  Depth: 21.1 km
Fault: 11km from Waimarama 1 & 2 (near fault)</description>
      <styleUrl>#isolated</styleUrl>
      <Point><coordinates>176.9069,-39.8691,0</coordinates></Point>
    </Placemark>
    <Placemark>
      <n>M2.51 — 2 km SSW of Round Valley, CA</n>
      <description>Network: USGS
Time: 2026-09-29 12:18:44 UTC
Magnitude: 2.51  Depth: 8.5900001525879 km
Fault: 3km from Round Valley (ON FAULT)</description>
      <styleUrl>#isolated</styleUrl>
      <Point><coordinates>-118.60500335693,37.397666931152,0</coordinates></Point>
    </Placemark>
    <Placemark>
      <n>M2.8 — ATACAMA, CHILE</n>
      <description>Network: EMSC
Time: 2026-09-29 12:18:49 UTC
Magnitude: 2.8  Depth: 100.9 km
Fault: 212km from Unknown (inter-fault)</description>
      <styleUrl>#isolated</styleUrl>
      <Point><coordinates>-69.68,-27.39,0</coordinates></Point>
    </Placemark>
    <Placemark>
      <n>M1.7 — 17 km N of Stanton, Texas</n>
      <description>Network: USGS
Time: 2026-09-29 12:19:13 UTC
Magnitude: 1.7  Depth: 8.2764 km
Fault: 292km from West Delaware Mountains fault zone (inter-fault)</description>
      <styleUrl>#isolated</styleUrl>
      <Point><coordinates>-101.783,32.284,0</coordinates></Point>
    </Placemark>
    <Placemark>
      <n>M2.8 — FLORES REGION, INDONESIA</n>
      <description>Network: EMSC
Time: 2026-09-29 12:23:02 UTC
Magnitude: 2.8  Depth: 10.0 km
Fault: 36km from Unknown (near fault)</description>
      <styleUrl>#isolated</styleUrl>
      <Point><coordinates>120.5,-8.14,0</coordinates></Point>
    </Placemark>
    <Placemark>
      <n>M1.2 — 55 km SW of Harding-Birch Lakes, Alaska</n>
      <description>Network: USGS
Time: 2026-09-29 12:23:28 UTC
Magnitude: 1.2  Depth: 5.0 km
Fault: 2km from Unknown (ON FAULT)</description>
      <styleUrl>#isolated</styleUrl>
      <Point><coordinates>-147.41,64.024,0</coordinates></Point>
    </Placemark>
    <Placemark>
      <n>M0.81 — 13 km W of Akutan, Alaska</n>
      <description>Network: USGS
Time: 2026-09-29 12:27:04 UTC
Magnitude: 0.81  Depth: 6.06 km
Fault: 168km from Unknown (inter-fault)</description>
      <styleUrl>#isolated</styleUrl>
      <Point><coordinates>-165.97983333333,54.113333333333,0</coordinates></Point>
    </Placemark>
    <Placemark>
      <n>M1.7 — 43 km NW of Toyah, Texas</n>
      <description>Network: EMSC
Time: 2026-09-29 12:27:46 UTC
Magnitude: 1.7  Depth: 7.6251 km
Fault: 62km from West Delaware Mountains fault zone (fault zone)</description>
      <styleUrl>#isolated</styleUrl>
      <Point><coordinates>-104.089,31.609,0</coordinates></Point>
    </Placemark>
    <Placemark>
      <n>M2.8 — ANTOFAGASTA, CHILE</n>
      <description>Network: MULTI
Time: 2026-09-29 12:31:05 UTC
Magnitude: 2.8  Depth: 135.6 km
Fault: 120km from Chuculay 3 (fault zone)</description>
      <styleUrl>#isolated</styleUrl>
      <Point><coordinates>-68.61,-21.54,0</coordinates></Point>
    </Placemark>
    <Placemark>
      <n>M0.9 — 84 km NW of Karluk, Alaska</n>
      <description>Network: USGS
Time: 2026-09-29 12:36:25 UTC
Magnitude: 0.9  Depth: 5.0 km
Fault: 183km from Unknown (inter-fault)</description>
      <styleUrl>#isolated</styleUrl>
      <Point><coordinates>-155.29,58.185,0</coordinates></Point>
    </Placemark>
    <Placemark>
      <n>M5.4 — 99 km SSE of Pangai, Tonga</n>
      <description>Network: USGS
Time: 2026-09-29 12:40:35 UTC
Magnitude: 5.4  Depth: 10.0 km
Fault: 60km from Unknown (fault zone)</description>
      <styleUrl>#isolated</styleUrl>
      <Point><coordinates>-174.0813,-20.6773,0</coordinates></Point>
    </Placemark>
    <Placemark>
      <n>M1.7 — WESTERN TURKEY</n>
      <description>Network: EMSC
Time: 2026-09-29 12:41:08 UTC
Magnitude: 1.7  Depth: 7.0 km
Fault: 11km from Unknown (near fault)</description>
      <styleUrl>#isolated</styleUrl>
      <Point><coordinates>28.5578,37.0222,0</coordinates></Point>
    </Placemark>
    <Placemark>
      <n>M2.7 — NORTHERN SUMATRA, INDONESIA</n>
      <description>Network: USGS
Time: 2026-09-29 12:47:51 UTC
Magnitude: 2.7  Depth: 10.0 km
Fault: 6km from Unknown (ON FAULT)</description>
      <styleUrl>#isolated</styleUrl>
      <Point><coordinates>96.29,4.62,0</coordinates></Point>
    </Placemark>
    <Placemark>
      <n>M3.3 — MINDANAO, PHILIPPINES</n>
      <description>Network: MULTI
Time: 2026-09-29 12:52:36 UTC
Magnitude: 3.3  Depth: 134.0 km
Fault: 43km from Unknown (near fault)</description>
      <styleUrl>#isolated</styleUrl>
      <Point><coordinates>126.93,6.2,0</coordinates></Point>
    </Placemark>
    <Placemark>
      <n>M-0.16 — 7 km E of Ashford, Washington</n>
      <description>Network: USGS
Time: 2026-09-29 12:54:59 UTC
Magnitude: -0.16  Depth: 7.79 km
Fault: 81km from Tacoma fault zone (fault zone)</description>
      <styleUrl>#isolated</styleUrl>
      <Point><coordinates>-121.9305,46.764666666667,0</coordinates></Point>
    </Placemark>
    <Placemark>
      <n>M3.0 — MANIPUR, INDIA REGION</n>
      <description>Network: USGS
Time: 2026-09-29 13:04:03 UTC
Magnitude: 3.0  Depth: 21.0 km
Fault: 2km from Unknown (ON FAULT)</description>
      <styleUrl>#isolated</styleUrl>
      <Point><coordinates>93.703,24.439,0</coordinates></Point>
    </Placemark>
    <Placemark>
      <n>M5.6 — southern Mid-Atlantic Ridge</n>
      <description>Network: EMSC
Time: 2026-09-29 13:06:10 UTC
Magnitude: 5.6  Depth: 10.0 km
Fault: 18km from Unknown (near fault)</description>
      <styleUrl>#isolated</styleUrl>
      <Point><coordinates>-16.1859,-35.204,0</coordinates></Point>
    </Placemark>
    <Placemark>
      <n>M0.83 — 3 km W of Cobb, CA</n>
      <description>Network: EMSC
Time: 2026-09-29 13:11:44 UTC
Magnitude: 0.83  Depth: 1.3899999856949 km
Fault: 3km from Collayami 2011 CFM (ON FAULT)</description>
      <styleUrl>#isolated</styleUrl>
      <Point><coordinates>-122.75966644287,38.819999694824,0</coordinates></Point>
    </Placemark>
    <Placemark>
      <n>M2.2 — EASTERN TURKEY</n>
      <description>Network: EMSC
Time: 2026-09-29 13:17:07 UTC
Magnitude: 2.2  Depth: 7.2 km
Fault: 8km from Unknown (ON FAULT)</description>
      <styleUrl>#isolated</styleUrl>
      <Point><coordinates>39.8897,38.578,0</coordinates></Point>
    </Placemark>
    <Placemark>
      <n>M1.6 — 45 km NNW of Chickaloon, Alaska</n>
      <description>Network: EMSC
Time: 2026-09-29 13:17:20 UTC
Magnitude: 1.6  Depth: 34.8 km
Fault: 37km from Unknown (near fault)</description>
      <styleUrl>#isolated</styleUrl>
      <Point><coordinates>-148.649,62.194,0</coordinates></Point>
    </Placemark>
    <Placemark>
      <n>M4.1 — OFF THE COAST OF EL SALVADOR</n>
      <description>Network: USGS
Time: 2026-09-29 13:22:01 UTC
Magnitude: 4.1  Depth: 2.0 km
Fault: 8km from Middle America Trench megathrust (ON FAULT)</description>
      <styleUrl>#isolated</styleUrl>
      <Point><coordinates>-89.821,12.201,0</coordinates></Point>
    </Placemark>
    <Placemark>
      <n>M2.5 — OFF COAST OF COSTA RICA</n>
      <description>Network: EMSC
Time: 2026-09-29 13:22:56 UTC
Magnitude: 2.5  Depth: 10.0 km
Fault: 77km from Unknown (fault zone)</description>
      <styleUrl>#isolated</styleUrl>
      <Point><coordinates>-86.2438,10.8098,0</coordinates></Point>
    </Placemark>
    <Placemark>
      <n>M1.64 — 38 km NNE of Amboy, Washington</n>
      <description>Network: USGS
Time: 2026-09-29 13:24:21 UTC
Magnitude: 1.64  Depth: 2.88 km
Fault: 63km from Lacamas Lake fault (fault zone)</description>
      <styleUrl>#isolated</styleUrl>
      <Point><coordinates>-122.1865,46.204,0</coordinates></Point>
    </Placemark>
    <Placemark>
      <n>M1.0 — EASTERN TURKEY</n>
      <description>Network: EMSC
Time: 2026-09-29 13:26:00 UTC
Magnitude: 1.0  Depth: 7.0 km
Fault: 40km from Unknown (near fault)</description>
      <styleUrl>#isolated</styleUrl>
      <Point><coordinates>38.8565,38.6628,0</coordinates></Point>
    </Placemark>
    <Placemark>
      <n>M1.22 — 13 km NW of The Geysers, CA</n>
      <description>Network: EMSC
Time: 2026-09-29 13:26:08 UTC
Magnitude: 1.22  Depth: 2.4300000667572 km
Fault: 7km from Maacama 2011 CFM (ON FAULT)</description>
      <styleUrl>#isolated</styleUrl>
      <Point><coordinates>-122.87683105469,38.841167449951,0</coordinates></Point>
    </Placemark>
    <Placemark>
      <n>M3.7 — WESTERN NEI MONGOL, CHINA</n>
      <description>Network: USGS
Time: 2026-09-29 13:26:30 UTC
Magnitude: 3.7  Depth: 10.0 km
Fault: 57km from Unknown (fault zone)</description>
      <styleUrl>#isolated</styleUrl>
      <Point><coordinates>105.15,38.0,0</coordinates></Point>
    </Placemark>
    <Placemark>
      <n>M0.45 — 7 km W of Cobb, CA</n>
      <description>Network: USGS
Time: 2026-09-29 13:37:06 UTC
Magnitude: 0.45  Depth: 1.2000000476837 km
Fault: 5km from Collayami 2011 CFM (ON FAULT)</description>
      <styleUrl>#isolated</styleUrl>
      <Point><coordinates>-122.80416870117,38.830333709717,0</coordinates></Point>
    </Placemark>
    <Placemark>
      <n>M3.2 — FLORES REGION, INDONESIA</n>
      <description>Network: EMSC
Time: 2026-09-29 13:38:30 UTC
Magnitude: 3.2  Depth: 14.0 km
Fault: 14km from Unknown (near fault)</description>
      <styleUrl>#isolated</styleUrl>
      <Point><coordinates>121.64,-8.16,0</coordinates></Point>
    </Placemark>
    <Placemark>
      <n>M1.68 — 5 km SSE of Pāhala, Hawaii</n>
      <description>Network: EMSC
Time: 2026-09-29 13:39:32 UTC
Magnitude: 1.68  Depth: 32.54 km
Fault: 2km from southwest rift zone (ON FAULT)</description>
      <styleUrl>#isolated</styleUrl>
      <Point><coordinates>-155.45716666667,19.157833333333,0</coordinates></Point>
    </Placemark>
    <Placemark>
      <n>M4.1 — PHILIPPINE ISLANDS REGION</n>
      <description>Network: EMSC
Time: 2026-09-29 13:40:54 UTC
Magnitude: 4.1  Depth: 3.0 km
Fault: 3km from Unknown (ON FAULT)</description>
      <styleUrl>#isolated</styleUrl>
      <Point><coordinates>127.15,8.29,0</coordinates></Point>
    </Placemark>
    <Placemark>
      <n>M2.1 — NORTHERN ITALY</n>
      <description>Network: MULTI
Time: 2026-09-29 13:42:01 UTC
Magnitude: 2.1  Depth: 10.7 km
Fault: 12km from Unknown (near fault)</description>
      <styleUrl>#isolated</styleUrl>
      <Point><coordinates>10.1185,45.6129,0</coordinates></Point>
    </Placemark>
    <Placemark>
      <n>M3.0 — NEAR EAST COAST OF HONSHU, JAPAN</n>
      <description>Network: EMSC
Time: 2026-09-29 13:48:30 UTC
Magnitude: 3.0  Depth: 50.0 km
Fault: 44km from Tokyowan-hokuen (near fault)</description>
      <styleUrl>#isolated</styleUrl>
      <Point><coordinates>140.6,35.7,0</coordinates></Point>
    </Placemark>
    <Placemark>
      <n>M1.28 — 17 km SW of Toms Place, CA</n>
      <description>Network: EMSC
Time: 2026-09-29 13:50:57 UTC
Magnitude: 1.28  Depth: 1.7999999523163 km
Fault: 8km from Hilton Creek 2011 CFM (ON FAULT)</description>
      <styleUrl>#isolated</styleUrl>
      <Point><coordinates>-118.83399963379,37.464332580566,0</coordinates></Point>
    </Placemark>
    <Placemark>
      <n>M2.8 — SAN JUAN, ARGENTINA</n>
      <description>Network: USGS
Time: 2026-09-29 13:51:40 UTC
Magnitude: 2.8  Depth: 10.0 km
Fault: 13km from Falla Niquizanga (near fault)</description>
      <styleUrl>#isolated</styleUrl>
      <Point><coordinates>-67.97,-31.52,0</coordinates></Point>
    </Placemark>
    <Placemark>
      <n>M4.2 — COSTA RICA</n>
      <description>Network: EMSC
Time: 2026-09-29 13:52:24 UTC
Magnitude: 4.2  Depth: 20.0 km
Fault: 21km from Candelaria Fault (near fault)</description>
      <styleUrl>#isolated</styleUrl>
      <Point><coordinates>-84.2282,9.3965,0</coordinates></Point>
    </Placemark>
    <Placemark>
      <n>M1.4 — CENTRAL TURKEY</n>
      <description>Network: USGS
Time: 2026-09-29 13:57:31 UTC
Magnitude: 1.4  Depth: 7.0 km
Fault: 80km from Unknown (fault zone)</description>
      <styleUrl>#isolated</styleUrl>
      <Point><coordinates>33.1383,37.3793,0</coordinates></Point>
    </Placemark>
    <Placemark>
      <n>M0.93 — 6 km WNW of Cobb, CA</n>
      <description>Network: USGS
Time: 2026-09-29 13:59:13 UTC
Magnitude: 0.93  Depth: 1.7599999904633 km
Fault: 4km from Collayami 2011 CFM (ON FAULT)</description>
      <styleUrl>#isolated</styleUrl>
      <Point><coordinates>-122.79033660889,38.836498260498,0</coordinates></Point>
    </Placemark>
    <Placemark>
      <n>M2.0 — WESTERN MEDITERRANEAN SEA</n>
      <description>Network: USGS
Time: 2026-09-29 14:02:58 UTC
Magnitude: 2.0  Depth: 0.0 km
Fault: 77km from Unknown (fault zone)</description>
      <styleUrl>#isolated</styleUrl>
      <Point><coordinates>5.9927,42.9621,0</coordinates></Point>
    </Placemark>
    <Placemark>
      <n>M1.7 — EASTERN TURKEY</n>
      <description>Network: EMSC
Time: 2026-09-29 14:06:25 UTC
Magnitude: 1.7  Depth: 7.1 km
Fault: 2km from Unknown (ON FAULT)</description>
      <styleUrl>#isolated</styleUrl>
      <Point><coordinates>40.8703,39.2889,0</coordinates></Point>
    </Placemark>
    <Placemark>
      <n>M2.0 — 43 km NNW of Valdez, Alaska</n>
      <description>Network: USGS
Time: 2026-09-29 14:07:43 UTC
Magnitude: 2.0  Depth: 2.8 km
Fault: 70km from East section (fault zone)</description>
      <styleUrl>#isolated</styleUrl>
      <Point><coordinates>-146.597,61.505,0</coordinates></Point>
    </Placemark>
    <Placemark>
      <n>M1.8 — 57 km S of Whites City, New Mexico</n>
      <description>Network: MULTI
Time: 2026-09-29 14:12:37 UTC
Magnitude: 1.8  Depth: 6.51 km
Fault: 34km from West Delaware Mountains fault zone (near fault)</description>
      <styleUrl>#isolated</styleUrl>
      <Point><coordinates>-104.431,31.658,0</coordinates></Point>
    </Placemark>
    <Placemark>
      <n>M2.4 — CENTRAL TURKEY</n>
      <description>Network: EMSC
Time: 2026-09-29 14:13:51 UTC
Magnitude: 2.4  Depth: 5.0 km
Fault: 9km from Unknown (ON FAULT)</description>
      <styleUrl>#isolated</styleUrl>
      <Point><coordinates>36.5998,38.117,0</coordinates></Point>
    </Placemark>
    <Placemark>
      <n>M1.15 — 18 km SW of Toms Place, CA</n>
      <description>Network: EMSC
Time: 2026-09-29 14:15:57 UTC
Magnitude: 1.15  Depth: 3.3399999141693 km
Fault: 8km from Hilton Creek 2011 CFM (ON FAULT)</description>
      <styleUrl>#isolated</styleUrl>
      <Point><coordinates>-118.8373336792,37.464668273926,0</coordinates></Point>
    </Placemark>
    <Placemark>
      <n>M1.7 — 54 km S of Whites City, New Mexico</n>
      <description>Network: USGS
Time: 2026-09-29 14:17:41 UTC
Magnitude: 1.7  Depth: 7.9456 km
Fault: 36km from West Delaware Mountains fault zone (near fault)</description>
      <styleUrl>#isolated</styleUrl>
      <Point><coordinates>-104.415,31.682,0</coordinates></Point>
    </Placemark>
    <Placemark>
      <n>M1.1 — CENTRAL TURKEY</n>
      <description>Network: EMSC
Time: 2026-09-29 14:24:53 UTC
Magnitude: 1.1  Depth: 13.2 km
Fault: 0km from Unknown (ON FAULT)</description>
      <styleUrl>#isolated</styleUrl>
      <Point><coordinates>33.4131,39.8276,0</coordinates></Point>
    </Placemark>
    <Placemark>
      <n>M0.7 — 85 km NNW of Karluk, Alaska</n>
      <description>Network: MULTI
Time: 2026-09-29 14:26:48 UTC
Magnitude: 0.7  Depth: 5.0 km
Fault: 180km from Unknown (inter-fault)</description>
      <styleUrl>#isolated</styleUrl>
      <Point><coordinates>-155.009,58.281,0</coordinates></Point>
    </Placemark>
    <Placemark>
      <n>M1.7 — 10 km E of Pearsall, Texas</n>
      <description>Network: EMSC
Time: 2026-09-29 14:35:45 UTC
Magnitude: 1.7  Depth: 8.1914 km
Fault: unavailable</description>
      <styleUrl>#isolated</styleUrl>
      <Point><coordinates>-98.986,28.877,0</coordinates></Point>
    </Placemark>
    <Placemark>
      <n>M2.0 — 3 km NW of Petersville, Alaska</n>
      <description>Network: USGS
Time: 2026-09-29 14:36:20 UTC
Magnitude: 2.0  Depth: 80.7 km
Fault: 26km from Unknown (near fault)</description>
      <styleUrl>#isolated</styleUrl>
      <Point><coordinates>-150.814,62.513,0</coordinates></Point>
    </Placemark>
    <Placemark>
      <n>M3.0 — SULAWESI, INDONESIA</n>
      <description>Network: EMSC
Time: 2026-09-29 14:39:15 UTC
Magnitude: 3.0  Depth: 10.0 km
Fault: 149km from Unknown (fault zone)</description>
      <styleUrl>#isolated</styleUrl>
      <Point><coordinates>121.68,-4.02,0</coordinates></Point>
    </Placemark>
    <Placemark>
      <n>M4.4 — OFF EAST COAST OF KAMCHATKA</n>
      <description>Network: USGS
Time: 2026-09-29 14:40:26 UTC
Magnitude: 4.4  Depth: 60.0 km
Fault: 88km from Unknown (fault zone)</description>
      <styleUrl>#isolated</styleUrl>
      <Point><coordinates>161.5,53.82,0</coordinates></Point>
    </Placemark>
    <Placemark>
      <n>M1.3 — 84 km NNW of Karluk, Alaska</n>
      <description>Network: EMSC
Time: 2026-09-29 14:40:27 UTC
Magnitude: 1.3  Depth: 3.8 km
Fault: 178km from Unknown (inter-fault)</description>
      <styleUrl>#isolated</styleUrl>
      <Point><coordinates>-154.979,58.273,0</coordinates></Point>
    </Placemark>
    <Placemark>
      <n>M4.4 — 192 km ESE of Mil’kovo, Russia</n>
      <description>Network: EMSC
Time: 2026-09-29 14:40:28 UTC
Magnitude: 4.4  Depth: 54.014 km
Fault: 105km from Unknown (fault zone)</description>
      <styleUrl>#isolated</styleUrl>
      <Point><coordinates>161.3866,54.0783,0</coordinates></Point>
    </Placemark>
    <Placemark>
      <n>M2.1 — 63 km SW of Skwentna, Alaska</n>
      <description>Network: USGS
Time: 2026-09-29 14:45:11 UTC
Magnitude: 2.1  Depth: 132.9 km
Fault: 53km from Unknown (fault zone)</description>
      <styleUrl>#isolated</styleUrl>
      <Point><coordinates>-152.264,61.593,0</coordinates></Point>
    </Placemark>
    <Placemark>
      <n>M1.6 — 21 km NNW of Toyah, Texas</n>
      <description>Network: EMSC
Time: 2026-09-29 14:48:12 UTC
Magnitude: 1.6  Depth: 6.0999 km
Fault: 79km from West Delaware Mountains fault zone (fault zone)</description>
      <styleUrl>#isolated</styleUrl>
      <Point><coordinates>-103.884,31.488,0</coordinates></Point>
    </Placemark>
    <Placemark>
      <n>M0.87 — 7 km NW of The Geysers, CA</n>
      <description>Network: USGS
Time: 2026-09-29 14:50:55 UTC
Magnitude: 0.87  Depth: 2.8900001049042 km
Fault: 5km from Collayami 2011 CFM (ON FAULT)</description>
      <styleUrl>#isolated</styleUrl>
      <Point><coordinates>-122.80149841309,38.824333190918,0</coordinates></Point>
    </Placemark>
    <Placemark>
      <n>M1.41 — 9 km WNW of Anza, CA</n>
      <description>Network: EMSC
Time: 2026-09-29 15:07:17 UTC
Magnitude: 1.41  Depth: 12.32 km
Fault: 6km from San Jacinto (Anza) rev (ON FAULT)</description>
      <styleUrl>#isolated</styleUrl>
      <Point><coordinates>-116.76533333333,33.576666666667,0</coordinates></Point>
    </Placemark>
    <Placemark>
      <n>M2.5 — FLORES SEA</n>
      <description>Network: MULTI
Time: 2026-09-29 15:07:30 UTC
Magnitude: 2.5  Depth: 10.0 km
Fault: 14km from Unknown (near fault)</description>
      <styleUrl>#isolated</styleUrl>
      <Point><coordinates>120.58,-7.95,0</coordinates></Point>
    </Placemark>
    <Placemark>
      <n>M1.7 — CENTRAL TURKEY</n>
      <description>Network: EMSC
Time: 2026-09-29 15:11:09 UTC
Magnitude: 1.7  Depth: 14.1 km
Fault: 7km from Unknown (ON FAULT)</description>
      <styleUrl>#isolated</styleUrl>
      <Point><coordinates>37.2474,38.0789,0</coordinates></Point>
    </Placemark>
    <Placemark>
      <n>M4.9 — South Sandwich Islands region</n>
      <description>Network: EMSC
Time: 2026-09-29 15:17:18 UTC
Magnitude: 4.9  Depth: 114.785 km
Fault: 114km from Unknown (fault zone)</description>
      <styleUrl>#isolated</styleUrl>
      <Point><coordinates>-26.0066,-58.7388,0</coordinates></Point>
    </Placemark>
    <Placemark>
      <n>M2.06 — 9 km WNW of Anza, CA</n>
      <description>Network: EMSC
Time: 2026-09-29 15:19:49 UTC
Magnitude: 2.06  Depth: 12.12 km
Fault: 7km from San Jacinto (Anza) rev (ON FAULT)</description>
      <styleUrl>#isolated</styleUrl>
      <Point><coordinates>-116.77,33.5765,0</coordinates></Point>
    </Placemark>
    <Placemark>
      <n>M0.85 — 8 km NW of The Geysers, CA</n>
      <description>Network: EMSC
Time: 2026-09-29 15:23:04 UTC
Magnitude: 0.85  Depth: 1.7699999809265 km
Fault: 6km from Collayami 2011 CFM (ON FAULT)</description>
      <styleUrl>#isolated</styleUrl>
      <Point><coordinates>-122.81883239746,38.83466720581,0</coordinates></Point>
    </Placemark>
    <Placemark>
      <n>M3.7 — PAPUA, INDONESIA</n>
      <description>Network: USGS
Time: 2026-09-29 15:29:26 UTC
Magnitude: 3.7  Depth: 10.0 km
Fault: 35km from Unknown (near fault)</description>
      <styleUrl>#isolated</styleUrl>
      <Point><coordinates>138.87,-3.45,0</coordinates></Point>
    </Placemark>
    <Placemark>
      <n>M2.9 — ANTOFAGASTA, CHILE</n>
      <description>Network: EMSC
Time: 2026-09-29 15:29:50 UTC
Magnitude: 2.9  Depth: 236.8 km
Fault: 244km from Grupo de fallas Medeiros (inter-fault)</description>
      <styleUrl>#isolated</styleUrl>
      <Point><coordinates>-67.28,-23.31,0</coordinates></Point>
    </Placemark>
    <Placemark>
      <n>M2.7 — POLAND</n>
      <description>Network: EMSC
Time: 2026-09-29 15:30:20 UTC
Magnitude: 2.7  Depth: 0.0 km
Fault: 286km from Unknown (inter-fault)</description>
      <styleUrl>#isolated</styleUrl>
      <Point><coordinates>16.1671,51.4559,0</coordinates></Point>
    </Placemark>
    <Placemark>
      <n>M2.9 — CYPRUS REGION</n>
      <description>Network: EMSC
Time: 2026-09-29 15:31:03 UTC
Magnitude: 2.9  Depth: 28.0 km
Fault: 3km from Unknown (ON FAULT)</description>
      <styleUrl>#isolated</styleUrl>
      <Point><coordinates>34.3208,34.6378,0</coordinates></Point>
    </Placemark>
    <Placemark>
      <n>M2.2 — PORTUGAL</n>
      <description>Network: EMSC
Time: 2026-09-29 15:44:09 UTC
Magnitude: 2.2  Depth: 25.5 km
Fault: 24km from Unknown (near fault)</description>
      <styleUrl>#isolated</styleUrl>
      <Point><coordinates>-7.0684,41.8452,0</coordinates></Point>
    </Placemark>
    <Placemark>
      <n>M2.6 — FLORES REGION, INDONESIA</n>
      <description>Network: USGS
Time: 2026-09-29 15:50:10 UTC
Magnitude: 2.6  Depth: 10.0 km
Fault: 37km from Unknown (near fault)</description>
      <styleUrl>#isolated</styleUrl>
      <Point><coordinates>121.53,-8.36,0</coordinates></Point>
    </Placemark>
    <Placemark>
      <n>M1.14 — 9 km SSW of Idyllwild, CA</n>
      <description>Network: USGS
Time: 2026-09-29 15:52:19 UTC
Magnitude: 1.14  Depth: 13.38 km
Fault: 2km from San Jacinto (Anza) rev (ON FAULT)</description>
      <styleUrl>#isolated</styleUrl>
      <Point><coordinates>-116.76366666667,33.6695,0</coordinates></Point>
    </Placemark>
    <Placemark>
      <n>M3.2 — NEAR COAST OF ECUADOR</n>
      <description>Network: EMSC
Time: 2026-09-29 15:52:30 UTC
Magnitude: 3.2  Depth: 10.0 km
Fault: 1km from BAHIA_FAULT (ON FAULT)</description>
      <styleUrl>#isolated</styleUrl>
      <Point><coordinates>-80.4,-0.76,0</coordinates></Point>
    </Placemark>
    <Placemark>
      <n>M3.7 — NEAR N COAST OF PAPUA, INDONESIA</n>
      <description>Network: EMSC
Time: 2026-09-29 15:53:24 UTC
Magnitude: 3.7  Depth: 10.0 km
Fault: 1km from Unknown (ON FAULT)</description>
      <styleUrl>#isolated</styleUrl>
      <Point><coordinates>136.01,-2.96,0</coordinates></Point>
    </Placemark>
    <Placemark>
      <n>M3.1 — EASTERN SICHUAN, CHINA</n>
      <description>Network: USGS
Time: 2026-09-29 16:03:23 UTC
Magnitude: 3.1  Depth: 7.0 km
Fault: 150km from Unknown (inter-fault)</description>
      <styleUrl>#isolated</styleUrl>
      <Point><coordinates>104.64,28.51,0</coordinates></Point>
    </Placemark>
    <Placemark>
      <n>M3.2 — MOLUCCA SEA</n>
      <description>Network: EMSC
Time: 2026-09-29 16:03:43 UTC
Magnitude: 3.2  Depth: 32.0 km
Fault: 10km from Unknown (ON FAULT)</description>
      <styleUrl>#isolated</styleUrl>
      <Point><coordinates>126.79,-0.88,0</coordinates></Point>
    </Placemark>
    <Placemark>
      <n>M1.3 — 45 km NNW of Valdez, Alaska</n>
      <description>Network: USGS
Time: 2026-09-29 16:03:54 UTC
Magnitude: 1.3  Depth: 44.2 km
Fault: 69km from East section (fault zone)</description>
      <styleUrl>#isolated</styleUrl>
      <Point><coordinates>-146.591,61.521,0</coordinates></Point>
    </Placemark>
    <Placemark>
      <n>M2.58 — 6 km W of Yountville, CA</n>
      <description>Network: USGS
Time: 2026-09-29 16:06:37 UTC
Magnitude: 2.58  Depth: 8.3000001907349 km
Fault: 2km from West Napa 2011 CFM (ON FAULT)</description>
      <styleUrl>#isolated</styleUrl>
      <Point><coordinates>-122.42400360107,38.398834228516,0</coordinates></Point>
    </Placemark>
    <Placemark>
      <n>M3.4 — MINDANAO, PHILIPPINES</n>
      <description>Network: USGS
Time: 2026-09-29 16:06:59 UTC
Magnitude: 3.4  Depth: 21.0 km
Fault: 51km from Offshore Davao Gulf (fault zone)</description>
      <styleUrl>#isolated</styleUrl>
      <Point><coordinates>125.36,5.46,0</coordinates></Point>
    </Placemark>
    <Placemark>
      <n>M0.25 — 11 km SE of Anza, CA</n>
      <description>Network: EMSC
Time: 2026-09-29 16:09:37 UTC
Magnitude: 0.25  Depth: 6.21 km
Fault: 4km from San Jacinto (Anza) rev (ON FAULT)</description>
      <styleUrl>#isolated</styleUrl>
      <Point><coordinates>-116.58566666667,33.488833333333,0</coordinates></Point>
    </Placemark>
    <Placemark>
      <n>M2.8 — FLORES SEA</n>
      <description>Network: EMSC
Time: 2026-09-29 16:11:11 UTC
Magnitude: 2.8  Depth: 15.0 km
Fault: 20km from Unknown (near fault)</description>
      <styleUrl>#isolated</styleUrl>
      <Point><coordinates>120.36,-7.82,0</coordinates></Point>
    </Placemark>
    <Placemark>
      <n>M1.6 — WESTERN TURKEY</n>
      <description>Network: USGS
Time: 2026-09-29 16:11:27 UTC
Magnitude: 1.6  Depth: 7.0 km
Fault: 13km from Unknown (near fault)</description>
      <styleUrl>#isolated</styleUrl>
      <Point><coordinates>27.425,40.6548,0</coordinates></Point>
    </Placemark>
    <Placemark>
      <n>M4.8 — TONGA</n>
      <description>Network: USGS
Time: 2026-09-29 16:12:56 UTC
Magnitude: 4.8  Depth: 10.0 km
Fault: 126km from Unknown (fault zone)</description>
      <styleUrl>#isolated</styleUrl>
      <Point><coordinates>-174.1824,-19.3714,0</coordinates></Point>
    </Placemark>
    <Placemark>
      <n>M2.7 — BOSNIA AND HERZEGOVINA</n>
      <description>Network: USGS
Time: 2026-09-29 16:13:59 UTC
Magnitude: 2.7  Depth: 7.0 km
Fault: 3km from Unknown (ON FAULT)</description>
      <styleUrl>#isolated</styleUrl>
      <Point><coordinates>17.4407,43.2938,0</coordinates></Point>
    </Placemark>
    <Placemark>
      <n>M1.9 — EASTERN TURKEY</n>
      <description>Network: USGS
Time: 2026-09-29 16:23:35 UTC
Magnitude: 1.9  Depth: 7.0 km
Fault: 18km from Unknown (near fault)</description>
      <styleUrl>#isolated</styleUrl>
      <Point><coordinates>38.1138,38.2128,0</coordinates></Point>
    </Placemark>
    <Placemark>
      <n>M0.88 — 4 km NNW of The Geysers, CA</n>
      <description>Network: USGS
Time: 2026-09-29 16:23:48 UTC
Magnitude: 0.88  Depth: 1.7000000476837 km
Fault: 5km from Collayami 2011 CFM (ON FAULT)</description>
      <styleUrl>#isolated</styleUrl>
      <Point><coordinates>-122.77383422852,38.808166503906,0</coordinates></Point>
    </Placemark>
    <Placemark>
      <n>M3.1 — ANTOFAGASTA, CHILE</n>
      <description>Network: EMSC
Time: 2026-09-29 16:24:38 UTC
Magnitude: 3.1  Depth: 94.5 km
Fault: 89km from de Atacama segmento Salar del Carmen? (fault zone)</description>
      <styleUrl>#isolated</styleUrl>
      <Point><coordinates>-68.99,-22.47,0</coordinates></Point>
    </Placemark>
    <Placemark>
      <n>M2.0 — 59 km S of Whites City, New Mexico</n>
      <description>Network: EMSC
Time: 2026-09-29 16:28:53 UTC
Magnitude: 2.0  Depth: 6.7151 km
Fault: 29km from West Delaware Mountains fault zone (near fault)</description>
      <styleUrl>#isolated</styleUrl>
      <Point><coordinates>-104.488,31.648,0</coordinates></Point>
    </Placemark>
    <Placemark>
      <n>M3.2 — VISAYAN SEA, PHILIPPINES</n>
      <description>Network: USGS
Time: 2026-09-29 16:29:57 UTC
Magnitude: 3.2  Depth: 10.0 km
Fault: 53km from Central Cebu Fault (fault zone)</description>
      <styleUrl>#isolated</styleUrl>
      <Point><coordinates>123.97,11.0,0</coordinates></Point>
    </Placemark>
    <Placemark>
      <n>M3.1 — VALPARAISO, CHILE</n>
      <description>Network: EMSC
Time: 2026-09-29 16:35:20 UTC
Magnitude: 3.1  Depth: 65.8 km
Fault: 66km from San Ramon 01a (fault zone)</description>
      <styleUrl>#isolated</styleUrl>
      <Point><coordinates>-71.1,-32.99,0</coordinates></Point>
    </Placemark>
    <Placemark>
      <n>M1.8 — WESTERN TURKEY</n>
      <description>Network: EMSC
Time: 2026-09-29 16:35:41 UTC
Magnitude: 1.8  Depth: 11.4 km
Fault: 6km from Unknown (ON FAULT)</description>
      <styleUrl>#isolated</styleUrl>
      <Point><coordinates>27.4917,40.7337,0</coordinates></Point>
    </Placemark>
    <Placemark>
      <n>M3.4 — ANTOFAGASTA, CHILE</n>
      <description>Network: MULTI
Time: 2026-09-29 16:39:38 UTC
Magnitude: 3.4  Depth: 225.8 km
Fault: 218km from Grupo de fallas Medeiros (inter-fault)</description>
      <styleUrl>#isolated</styleUrl>
      <Point><coordinates>-67.45,-24.01,0</coordinates></Point>
    </Placemark>
    <Placemark>
      <n>M0.77 — 14 km W of Sekiu, Washington</n>
      <description>Network: EMSC
Time: 2026-09-29 16:41:18 UTC
Magnitude: 0.77  Depth: 30.16 km
Fault: 63km from Lake Creek-Boundary Creek fault (fault zone)</description>
      <styleUrl>#isolated</styleUrl>
      <Point><coordinates>-124.49483333333,48.265,0</coordinates></Point>
    </Placemark>
    <Placemark>
      <n>M2.7 — IONIAN SEA</n>
      <description>Network: MULTI
Time: 2026-09-29 16:45:52 UTC
Magnitude: 2.7  Depth: 7.2 km
Fault: 2km from Unknown (ON FAULT)</description>
      <styleUrl>#isolated</styleUrl>
      <Point><coordinates>20.7669,37.2043,0</coordinates></Point>
    </Placemark>
    <Placemark>
      <n>M3.2 — MYANMAR</n>
      <description>Network: EMSC
Time: 2026-09-29 16:50:08 UTC
Magnitude: 3.2  Depth: 10.0 km
Fault: 25km from Unknown (near fault)</description>
      <styleUrl>#isolated</styleUrl>
      <Point><coordinates>96.286,21.931,0</coordinates></Point>
    </Placemark>
    <Placemark>
      <n>M1.3 — WESTERN TURKEY</n>
      <description>Network: USGS
Time: 2026-09-29 16:50:36 UTC
Magnitude: 1.3  Depth: 7.4 km
Fault: 1km from Unknown (ON FAULT)</description>
      <styleUrl>#isolated</styleUrl>
      <Point><coordinates>29.3072,37.0155,0</coordinates></Point>
    </Placemark>
    <Placemark>
      <n>M3.0 — FLORES SEA</n>
      <description>Network: USGS
Time: 2026-09-29 16:54:56 UTC
Magnitude: 3.0  Depth: 12.0 km
Fault: 21km from Unknown (near fault)</description>
      <styleUrl>#isolated</styleUrl>
      <Point><coordinates>120.35,-7.8,0</coordinates></Point>
    </Placemark>
    <Placemark>
      <n>M3.1 — NEAR COAST OF NICARAGUA</n>
      <description>Network: EMSC
Time: 2026-09-29 16:58:21 UTC
Magnitude: 3.1  Depth: 23.0 km
Fault: 61km from Middle America Trench megathrust (fault zone)</description>
      <styleUrl>#isolated</styleUrl>
      <Point><coordinates>-86.694,11.115,0</coordinates></Point>
    </Placemark>
    <Placemark>
      <n>M1.2 — WESTERN TURKEY</n>
      <description>Network: EMSC
Time: 2026-09-29 17:07:07 UTC
Magnitude: 1.2  Depth: 7.0 km
Fault: 5km from Unknown (ON FAULT)</description>
      <styleUrl>#isolated</styleUrl>
      <Point><coordinates>28.1603,39.1593,0</coordinates></Point>
    </Placemark>
    <Placemark>
      <n>M0.8 — 85 km NW of Karluk, Alaska</n>
      <description>Network: EMSC
Time: 2026-09-29 17:08:11 UTC
Magnitude: 0.8  Depth: 5.0 km
Fault: 184km from Unknown (inter-fault)</description>
      <styleUrl>#isolated</styleUrl>
      <Point><coordinates>-155.326,58.177,0</coordinates></Point>
    </Placemark>
    <Placemark>
      <n>M3.7 — SUNDA STRAIT, INDONESIA</n>
      <description>Network: EMSC
Time: 2026-09-29 17:16:59 UTC
Magnitude: 3.7  Depth: 25.0 km
Fault: 19km from Unknown (near fault)</description>
      <styleUrl>#isolated</styleUrl>
      <Point><coordinates>104.69,-6.33,0</coordinates></Point>
    </Placemark>
    <Placemark>
      <n>M2.7 — SAVU SEA</n>
      <description>Network: USGS
Time: 2026-09-29 17:18:54 UTC
Magnitude: 2.7  Depth: 99.0 km
Fault: 167km from Unknown (inter-fault)</description>
      <styleUrl>#isolated</styleUrl>
      <Point><coordinates>122.1,-9.94,0</coordinates></Point>
    </Placemark>
    <Placemark>
      <n>M3.0 — MOLUCCA SEA</n>
      <description>Network: EMSC
Time: 2026-09-29 17:24:13 UTC
Magnitude: 3.0  Depth: 24.0 km
Fault: 21km from Unknown (near fault)</description>
      <styleUrl>#isolated</styleUrl>
      <Point><coordinates>126.6,1.63,0</coordinates></Point>
    </Placemark>
    <Placemark>
      <n>M3.3 — OFF COAST OF CENTRAL AMERICA</n>
      <description>Network: EMSC
Time: 2026-09-29 17:27:52 UTC
Magnitude: 3.3  Depth: 69.0 km
Fault: 44km from Middle America Trench megathrust (near fault)</description>
      <styleUrl>#isolated</styleUrl>
      <Point><coordinates>-88.4,11.259,0</coordinates></Point>
    </Placemark>
    <Placemark>
      <n>M1.8 — 86 km W of Karluk, Alaska</n>
      <description>Network: EMSC
Time: 2026-09-29 17:30:56 UTC
Magnitude: 1.8  Depth: 5.0 km
Fault: 163km from Unknown (inter-fault)</description>
      <styleUrl>#isolated</styleUrl>
      <Point><coordinates>-155.904,57.55,0</coordinates></Point>
    </Placemark>
    <Placemark>
      <n>M4.1 — PAPUA, INDONESIA</n>
      <description>Network: USGS
Time: 2026-09-29 17:31:48 UTC
Magnitude: 4.1  Depth: 10.0 km
Fault: 48km from Unknown (near fault)</description>
      <styleUrl>#isolated</styleUrl>
      <Point><coordinates>136.47,-3.04,0</coordinates></Point>
    </Placemark>
    <Placemark>
      <n>M2.8 — NORTHERN SUMATRA, INDONESIA</n>
      <description>Network: EMSC
Time: 2026-09-29 17:36:24 UTC
Magnitude: 2.8  Depth: 10.0 km
Fault: 334km from Unknown (inter-fault)</description>
      <styleUrl>#isolated</styleUrl>
      <Point><coordinates>102.8524,1.8052,0</coordinates></Point>
    </Placemark>
    <Placemark>
      <n>M1.5 — DODECANESE IS.-TURKEY BORDER REG</n>
      <description>Network: EMSC
Time: 2026-09-29 17:37:27 UTC
Magnitude: 1.5  Depth: 7.0 km
Fault: 2km from Unknown (ON FAULT)</description>
      <styleUrl>#isolated</styleUrl>
      <Point><coordinates>27.8495,36.9657,0</coordinates></Point>
    </Placemark>
    <Placemark>
      <n>M2.4 — CENTRAL TURKEY</n>
      <description>Network: USGS
Time: 2026-09-29 17:38:52 UTC
Magnitude: 2.4  Depth: 7.0 km
Fault: 3km from Unknown (ON FAULT)</description>
      <styleUrl>#isolated</styleUrl>
      <Point><coordinates>37.6858,37.9788,0</coordinates></Point>
    </Placemark>
    <Placemark>
      <n>M1.29 — 5 km NW of The Geysers, CA</n>
      <description>Network: USGS
Time: 2026-09-29 17:45:20 UTC
Magnitude: 1.29  Depth: 3.2599999904633 km
Fault: 6km from Collayami 2011 CFM (ON FAULT)</description>
      <styleUrl>#isolated</styleUrl>
      <Point><coordinates>-122.79650115967,38.805667877197,0</coordinates></Point>
    </Placemark>
    <Placemark>
      <n>M1.4 — CENTRAL TURKEY</n>
      <description>Network: EMSC
Time: 2026-09-29 17:45:31 UTC
Magnitude: 1.4  Depth: 7.0 km
Fault: 5km from Unknown (ON FAULT)</description>
      <styleUrl>#isolated</styleUrl>
      <Point><coordinates>36.5257,38.0428,0</coordinates></Point>
    </Placemark>
    <Placemark>
      <n>M0.75 — 5 km NW of The Geysers, CA</n>
      <description>Network: EMSC
Time: 2026-09-29 17:52:16 UTC
Magnitude: 0.75  Depth: 3.5099999904633 km
Fault: 6km from Collayami 2011 CFM (ON FAULT)</description>
      <styleUrl>#isolated</styleUrl>
      <Point><coordinates>-122.79683685303,38.806167602539,0</coordinates></Point>
    </Placemark>
    <Placemark>
      <n>M2.3 — SICILY, ITALY</n>
      <description>Network: USGS
Time: 2026-09-29 17:57:53 UTC
Magnitude: 2.3  Depth: 166.6 km
Fault: 26km from Unknown (near fault)</description>
      <styleUrl>#isolated</styleUrl>
      <Point><coordinates>15.3407,38.4758,0</coordinates></Point>
    </Placemark>
    <Placemark>
      <n>M1.73 — 16 km WSW of Johannesburg, CA</n>
      <description>Network: MULTI
Time: 2026-09-29 17:58:24 UTC
Magnitude: 1.73  Depth: 6.57 km
Fault: 8km from Garlock (Central) (ON FAULT)</description>
      <styleUrl>#isolated</styleUrl>
      <Point><coordinates>-117.7985,35.310166666667,0</coordinates></Point>
    </Placemark>
    <Placemark>
      <n>M3.5 — NORTHERN PERU</n>
      <description>Network: EMSC
Time: 2026-09-29 18:01:39 UTC
Magnitude: 3.5  Depth: 13.0 km
Fault: 7km from NUMBALA FAULT (ON FAULT)</description>
      <styleUrl>#isolated</styleUrl>
      <Point><coordinates>-78.72,-5.74,0</coordinates></Point>
    </Placemark>
    <Placemark>
      <n>M1.9 — 16 km WNW of Aleneva, Alaska</n>
      <description>Network: EMSC
Time: 2026-09-29 18:13:46 UTC
Magnitude: 1.9  Depth: 48.1 km
Fault: 85km from Unknown (fault zone)</description>
      <styleUrl>#isolated</styleUrl>
      <Point><coordinates>-153.165,58.123,0</coordinates></Point>
    </Placemark>
    <Placemark>
      <n>M2.1 — 20 km W of Cohoe, Alaska</n>
      <description>Network: USGS
Time: 2026-09-29 18:15:21 UTC
Magnitude: 2.1  Depth: 70.6 km
Fault: 75km from Unknown (fault zone)</description>
      <styleUrl>#isolated</styleUrl>
      <Point><coordinates>-151.677,60.374,0</coordinates></Point>
    </Placemark>
    <Placemark>
      <n>M4.1 — POTOSI, BOLIVIA</n>
      <description>Network: EMSC
Time: 2026-09-29 18:21:49 UTC
Magnitude: 4.1  Depth: 178.0 km
Fault: 233km from de Atacama segmento Salar del Carmen? (inter-fault)</description>
      <styleUrl>#isolated</styleUrl>
      <Point><coordinates>-67.5824,-22.3093,0</coordinates></Point>
    </Placemark>
    <Placemark>
      <n>M3.3 — SICILY, ITALY</n>
      <description>Network: EMSC
Time: 2026-09-29 18:29:03 UTC
Magnitude: 3.3  Depth: 77.8 km
Fault: 6km from Unknown (ON FAULT)</description>
      <styleUrl>#isolated</styleUrl>
      <Point><coordinates>15.545,38.388,0</coordinates></Point>
    </Placemark>
    <Placemark>
      <n>M1.5 — EASTERN TURKEY</n>
      <description>Network: MULTI
Time: 2026-09-29 18:30:44 UTC
Magnitude: 1.5  Depth: 9.1 km
Fault: 5km from Unknown (ON FAULT)</description>
      <styleUrl>#isolated</styleUrl>
      <Point><coordinates>38.7617,40.0473,0</coordinates></Point>
    </Placemark>
    <Placemark>
      <n>M1.4 — WESTERN TURKEY</n>
      <description>Network: USGS
Time: 2026-09-29 18:33:08 UTC
Magnitude: 1.4  Depth: 14.1 km
Fault: 10km from Unknown (near fault)</description>
      <styleUrl>#isolated</styleUrl>
      <Point><coordinates>27.6123,37.6162,0</coordinates></Point>
    </Placemark>
    <Placemark>
      <n>M3.3 — FLORES REGION, INDONESIA</n>
      <description>Network: EMSC
Time: 2026-09-29 18:33:28 UTC
Magnitude: 3.3  Depth: 10.0 km
Fault: 43km from Unknown (near fault)</description>
      <styleUrl>#isolated</styleUrl>
      <Point><coordinates>120.22,-8.03,0</coordinates></Point>
    </Placemark>
    <Placemark>
      <n>M0.73 — 8 km WNW of Anza, CA</n>
      <description>Network: EMSC
Time: 2026-09-29 18:36:46 UTC
Magnitude: 0.73  Depth: 11.86 km
Fault: 5km from San Jacinto (Anza) rev (ON FAULT)</description>
      <styleUrl>#isolated</styleUrl>
      <Point><coordinates>-116.75766666667,33.5855,0</coordinates></Point>
    </Placemark>
    <Placemark>
      <n>M2.0 — SPAIN</n>
      <description>Network: USGS
Time: 2026-09-29 18:36:56 UTC
Magnitude: 2.0  Depth: 14.7 km
Fault: 7km from Unknown (ON FAULT)</description>
      <styleUrl>#isolated</styleUrl>
      <Point><coordinates>-0.519,38.8452,0</coordinates></Point>
    </Placemark>
    <Placemark>
      <n>M1.6 — WESTERN TURKEY</n>
      <description>Network: EMSC
Time: 2026-09-29 18:45:42 UTC
Magnitude: 1.6  Depth: 6.5 km
Fault: 2km from Unknown (ON FAULT)</description>
      <styleUrl>#isolated</styleUrl>
      <Point><coordinates>28.189,39.1807,0</coordinates></Point>
    </Placemark>
    <Placemark>
      <n>M3.1 — MASBATE REGION, PHILIPPINES</n>
      <description>Network: MULTI
Time: 2026-09-29 18:46:37 UTC
Magnitude: 3.1  Depth: 10.0 km
Fault: 3km from Unknown (ON FAULT)</description>
      <styleUrl>#isolated</styleUrl>
      <Point><coordinates>123.95,12.15,0</coordinates></Point>
    </Placemark>
    <Placemark>
      <n>M2.0 — NORTHERN CALIFORNIA</n>
      <description>Network: EMSC
Time: 2026-09-29 18:47:28 UTC
Magnitude: 2.0  Depth: 0.4 km
Fault: 2km from Maacama 2011 CFM (ON FAULT)</description>
      <styleUrl>#isolated</styleUrl>
      <Point><coordinates>-122.66,38.5542,0</coordinates></Point>
    </Placemark>
    <Placemark>
      <n>M0.82 — 2 km E of San Jacinto, CA</n>
      <description>Network: EMSC
Time: 2026-09-29 18:48:10 UTC
Magnitude: 0.82  Depth: 12.56 km
Fault: 2km from San Jacinto (Stepovers Combined) (ON FAULT)</description>
      <styleUrl>#isolated</styleUrl>
      <Point><coordinates>-116.93433333333,33.783,0</coordinates></Point>
    </Placemark>
    <Placemark>
      <n>M1.7 — STRAIT OF GIBRALTAR</n>
      <description>Network: EMSC
Time: 2026-09-29 18:49:47 UTC
Magnitude: 1.7  Depth: 27.4 km
Fault: 11km from Unknown (near fault)</description>
      <styleUrl>#isolated</styleUrl>
      <Point><coordinates>-5.8614,36.2046,0</coordinates></Point>
    </Placemark>
    <Placemark>
      <n>M0.44 — 10 km NW of The Geysers, CA</n>
      <description>Network: EMSC
Time: 2026-09-29 18:53:56 UTC
Magnitude: 0.44  Depth: 1.7599999904633 km
Fault: 7km from Collayami 2011 CFM (ON FAULT)</description>
      <styleUrl>#isolated</styleUrl>
      <Point><coordinates>-122.83766937256,38.84033203125,0</coordinates></Point>
    </Placemark>
    <Placemark>
      <n>M2.7 — GUATEMALA</n>
      <description>Network: EMSC
Time: 2026-09-29 18:56:03 UTC
Magnitude: 2.7  Depth: 6.0 km
Fault: 10km from Mataquescuintla Fault (near fault)</description>
      <styleUrl>#isolated</styleUrl>
      <Point><coordinates>-90.103,14.376,0</coordinates></Point>
    </Placemark>
    <Placemark>
      <n>M1.27 — 3 km S of Cobb, CA</n>
      <description>Network: USGS
Time: 2026-09-29 18:56:43 UTC
Magnitude: 1.27  Depth: 1.9299999475479 km
Fault: 2km from Collayami 2011 CFM (ON FAULT)</description>
      <styleUrl>#isolated</styleUrl>
      <Point><coordinates>-122.72866821289,38.795833587646,0</coordinates></Point>
    </Placemark>
    <Placemark>
      <n>M2.8 — COSTA RICA</n>
      <description>Network: EMSC
Time: 2026-09-29 18:57:27 UTC
Magnitude: 2.8  Depth: 12.0 km
Fault: 89km from Siquirres-Matina Fault (fault zone)</description>
      <styleUrl>#isolated</styleUrl>
      <Point><coordinates>-83.3285,10.8938,0</coordinates></Point>
    </Placemark>
    <Placemark>
      <n>M2.1 — CENTRAL ITALY</n>
      <description>Network: EMSC
Time: 2026-09-29 18:57:27 UTC
Magnitude: 2.1  Depth: 45.5 km
Fault: 3km from Unknown (ON FAULT)</description>
      <styleUrl>#isolated</styleUrl>
      <Point><coordinates>13.3658,42.994,0</coordinates></Point>
    </Placemark>
    <Placemark>
      <n>M1.8 — CENTRAL TURKEY</n>
      <description>Network: EMSC
Time: 2026-09-29 19:00:38 UTC
Magnitude: 1.8  Depth: 7.2 km
Fault: 1km from Unknown (ON FAULT)</description>
      <styleUrl>#isolated</styleUrl>
      <Point><coordinates>36.572,38.0058,0</coordinates></Point>
    </Placemark>
    <Placemark>
      <n>M1.2 — WESTERN TURKEY</n>
      <description>Network: EMSC
Time: 2026-09-29 19:04:31 UTC
Magnitude: 1.2  Depth: 7.0 km
Fault: 4km from Unknown (ON FAULT)</description>
      <styleUrl>#isolated</styleUrl>
      <Point><coordinates>27.5627,37.8663,0</coordinates></Point>
    </Placemark>
    <Placemark>
      <n>M2.3 — STRAIT OF GIBRALTAR</n>
      <description>Network: EMSC
Time: 2026-09-29 19:06:03 UTC
Magnitude: 2.3  Depth: 33.2 km
Fault: 50km from Unknown (fault zone)</description>
      <styleUrl>#isolated</styleUrl>
      <Point><coordinates>-7.6598,36.4958,0</coordinates></Point>
    </Placemark>
    <Placemark>
      <n>M1.52 — 7 km WSW of Pala, CA</n>
      <description>Network: EMSC
Time: 2026-09-29 19:08:50 UTC
Magnitude: 1.52  Depth: 3.46 km
Fault: 13km from Elsinore (Temecula) rev (near fault)</description>
      <styleUrl>#isolated</styleUrl>
      <Point><coordinates>-117.14616666667,33.331166666667,0</coordinates></Point>
    </Placemark>
    <Placemark>
      <n>M2.2 — 3 km ENE of Lluveras, Puerto Rico</n>
      <description>Network: USGS
Time: 2026-09-29 19:22:22 UTC
Magnitude: 2.2  Depth: 6.45 km
Fault: 19km from Great Southern Puerto Rico Fault (near fault)</description>
      <styleUrl>#isolated</styleUrl>
      <Point><coordinates>-66.877,18.0525,0</coordinates></Point>
    </Placemark>
    <Placemark>
      <n>M1.5 — WESTERN TURKEY</n>
      <description>Network: EMSC
Time: 2026-09-29 19:23:46 UTC
Magnitude: 1.5  Depth: 7.0 km
Fault: 4km from Unknown (ON FAULT)</description>
      <styleUrl>#isolated</styleUrl>
      <Point><coordinates>27.5713,37.8645,0</coordinates></Point>
    </Placemark>
    <Placemark>
      <n>M0.74 — 6 km SE of Mossyrock, Washington</n>
      <description>Network: EMSC
Time: 2026-09-29 19:27:53 UTC
Magnitude: 0.74  Depth: 18.65 km
Fault: 89km from Lacamas Lake fault (fault zone)</description>
      <styleUrl>#isolated</styleUrl>
      <Point><coordinates>-122.43083333333,46.485,0</coordinates></Point>
    </Placemark>
    <Placemark>
      <n>M1.7 — WESTERN TURKEY</n>
      <description>Network: EMSC
Time: 2026-09-29 19:33:21 UTC
Magnitude: 1.7  Depth: 7.0 km
Fault: 6km from Unknown (ON FAULT)</description>
      <styleUrl>#isolated</styleUrl>
      <Point><coordinates>29.8952,39.0165,0</coordinates></Point>
    </Placemark>
    <Placemark>
      <n>M3.4 — ANTOFAGASTA, CHILE</n>
      <description>Network: EMSC
Time: 2026-09-29 19:59:40 UTC
Magnitude: 3.4  Depth: 135.6 km
Fault: 140km from de Atacama segmento Salar del Carmen? (fault zone)</description>
      <styleUrl>#isolated</styleUrl>
      <Point><coordinates>-68.5,-21.76,0</coordinates></Point>
    </Placemark>
    <Placemark>
      <n>M1.2 — CROATIA</n>
      <description>Network: USGS
Time: 2026-09-29 20:08:27 UTC
Magnitude: 1.2  Depth: 9.9 km
Fault: 5km from Unknown (ON FAULT)</description>
      <styleUrl>#isolated</styleUrl>
      <Point><coordinates>16.18,45.45,0</coordinates></Point>
    </Placemark>
    <Placemark>
      <n>M0.67 — 10 km WNW of The Geysers, CA</n>
      <description>Network: EMSC
Time: 2026-09-29 20:09:30 UTC
Magnitude: 0.67  Depth: 2.4400000572205 km
Fault: 8km from Maacama 2011 CFM (ON FAULT)</description>
      <styleUrl>#isolated</styleUrl>
      <Point><coordinates>-122.85150146484,38.822334289551,0</coordinates></Point>
    </Placemark>
    <Placemark>
      <n>M2.1 — OREGON</n>
      <description>Network: EMSC
Time: 2026-09-29 20:11:07 UTC
Magnitude: 2.1  Depth: -1.1 km
Fault: 39km from Cottonwood Mountain fault (near fault)</description>
      <styleUrl>#isolated</styleUrl>
      <Point><coordinates>-117.4592,44.5993,0</coordinates></Point>
    </Placemark>
    <Placemark>
      <n>M2.3 — 11 km ESE of Pearsall, Texas</n>
      <description>Network: EMSC
Time: 2026-09-29 20:11:38 UTC
Magnitude: 2.3  Depth: 8.8348 km
Fault: unavailable</description>
      <styleUrl>#isolated</styleUrl>
      <Point><coordinates>-98.986,28.854,0</coordinates></Point>
    </Placemark>
    <Placemark>
      <n>M1.1 — WESTERN TURKEY</n>
      <description>Network: EMSC
Time: 2026-09-29 20:15:43 UTC
Magnitude: 1.1  Depth: 15.9 km
Fault: 9km from Unknown (ON FAULT)</description>
      <styleUrl>#isolated</styleUrl>
      <Point><coordinates>29.0252,39.2114,0</coordinates></Point>
    </Placemark>
    <Placemark>
      <n>M1.8 — 57 km S of Whites City, New Mexico</n>
      <description>Network: USGS
Time: 2026-09-29 20:22:15 UTC
Magnitude: 1.8  Depth: 7.1765 km
Fault: 45km from West Delaware Mountains fault zone (near fault)</description>
      <styleUrl>#isolated</styleUrl>
      <Point><coordinates>-104.297,31.659,0</coordinates></Point>
    </Placemark>
    <Placemark>
      <n>M2.8 — SPAIN</n>
      <description>Network: EMSC
Time: 2026-09-29 20:23:20 UTC
Magnitude: 2.8  Depth: 2.9 km
Fault: 13km from Unknown (near fault)</description>
      <styleUrl>#isolated</styleUrl>
      <Point><coordinates>-1.8054,37.1805,0</coordinates></Point>
    </Placemark>
    <Placemark>
      <n>M4.1 — OFFSHORE GUERRERO, MEXICO</n>
      <description>Network: USGS
Time: 2026-09-29 20:31:37 UTC
Magnitude: 4.1  Depth: 31.8 km
Fault: 59km from Unknown (fault zone)</description>
      <styleUrl>#isolated</styleUrl>
      <Point><coordinates>-101.129,17.348,0</coordinates></Point>
    </Placemark>
    <Placemark>
      <n>M3.2 — GUATEMALA</n>
      <description>Network: EMSC
Time: 2026-09-29 20:33:18 UTC
Magnitude: 3.2  Depth: 5.0 km
Fault: 11km from Mataquescuintla Fault (near fault)</description>
      <styleUrl>#isolated</styleUrl>
      <Point><coordinates>-90.113,14.362,0</coordinates></Point>
    </Placemark>
    <Placemark>
      <n>M3.5 — KARNATAKA, INDIA</n>
      <description>Network: USGS
Time: 2026-09-29 20:34:00 UTC
Magnitude: 3.5  Depth: 10.0 km
Fault: unavailable</description>
      <styleUrl>#isolated</styleUrl>
      <Point><coordinates>75.979,16.613,0</coordinates></Point>
    </Placemark>
    <Placemark>
      <n>M4.2 — OFFSHORE GUERRERO, MEXICO</n>
      <description>Network: EMSC
Time: 2026-09-29 20:36:23 UTC
Magnitude: 4.2  Depth: 9.5 km
Fault: 1km from Middle America Trench megathrust (ON FAULT)</description>
      <styleUrl>#isolated</styleUrl>
      <Point><coordinates>-100.624,16.523,0</coordinates></Point>
    </Placemark>
    <Placemark>
      <n>M0.4 — 69 km WNW of Tyonek, Alaska</n>
      <description>Network: USGS
Time: 2026-09-29 20:39:45 UTC
Magnitude: 0.4  Depth: 2.4 km
Fault: 24km from Unknown (near fault)</description>
      <styleUrl>#isolated</styleUrl>
      <Point><coordinates>-152.349,61.296,0</coordinates></Point>
    </Placemark>
    <Placemark>
      <n>M1.5 — WESTERN TURKEY</n>
      <description>Network: USGS
Time: 2026-09-29 20:43:04 UTC
Magnitude: 1.5  Depth: 7.0 km
Fault: 0km from Unknown (ON FAULT)</description>
      <styleUrl>#isolated</styleUrl>
      <Point><coordinates>31.823,40.1168,0</coordinates></Point>
    </Placemark>
    <Placemark>
      <n>M4.7 — LUZON, PHILIPPINES</n>
      <description>Network: MULTI
Time: 2026-09-29 20:45:50 UTC
Magnitude: 4.7  Depth: 10.0 km
Fault: 37km from Palanan-Dinapigue (near fault)</description>
      <styleUrl>#isolated</styleUrl>
      <Point><coordinates>122.4136,17.5267,0</coordinates></Point>
    </Placemark>
    <Placemark>
      <n>M3.1 — KEPULAUAN SANGIHE, INDONESIA</n>
      <description>Network: USGS
Time: 2026-09-29 20:49:55 UTC
Magnitude: 3.1  Depth: 115.0 km
Fault: 40km from Unknown (near fault)</description>
      <styleUrl>#isolated</styleUrl>
      <Point><coordinates>125.37,4.74,0</coordinates></Point>
    </Placemark>
    <Placemark>
      <n>M1.2 — WESTERN TURKEY</n>
      <description>Network: EMSC
Time: 2026-09-29 20:51:14 UTC
Magnitude: 1.2  Depth: 7.1 km
Fault: 4km from Unknown (ON FAULT)</description>
      <styleUrl>#isolated</styleUrl>
      <Point><coordinates>27.2378,38.2523,0</coordinates></Point>
    </Placemark>
    <Placemark>
      <n>M0.93 — 4 km W of Cobb, CA</n>
      <description>Network: EMSC
Time: 2026-09-29 20:52:30 UTC
Magnitude: 0.93  Depth: 2.039999961853 km
Fault: 3km from Collayami 2011 CFM (ON FAULT)</description>
      <styleUrl>#isolated</styleUrl>
      <Point><coordinates>-122.76683044434,38.824501037598,0</coordinates></Point>
    </Placemark>
    <Placemark>
      <n>M3.1 — OFF COAST OF CENTRAL AMERICA</n>
      <description>Network: EMSC
Time: 2026-09-29 20:54:20 UTC
Magnitude: 3.1  Depth: 19.0 km
Fault: 13km from Unknown (near fault)</description>
      <styleUrl>#isolated</styleUrl>
      <Point><coordinates>-83.1178,6.5291,0</coordinates></Point>
    </Placemark>
    <Placemark>
      <n>M2.5 — ANTOFAGASTA, CHILE</n>
      <description>Network: EMSC
Time: 2026-09-29 20:58:20 UTC
Magnitude: 2.5  Depth: 141.6 km
Fault: 141km from Chuculay 3 (fault zone)</description>
      <styleUrl>#isolated</styleUrl>
      <Point><coordinates>-68.46,-21.68,0</coordinates></Point>
    </Placemark>
    <Placemark>
      <n>M3.4 — SIKKIM, INDIA</n>
      <description>Network: USGS
Time: 2026-09-29 20:58:51 UTC
Magnitude: 3.4  Depth: 72.0 km
Fault: 15km from Unknown (near fault)</description>
      <styleUrl>#isolated</styleUrl>
      <Point><coordinates>88.039,27.948,0</coordinates></Point>
    </Placemark>
    <Placemark>
      <n>M1.38 — 18 km SW of Hawthorne, Nevada</n>
      <description>Network: EMSC
Time: 2026-09-29 21:03:12 UTC
Magnitude: 1.38  Depth: 0.0 km
Fault: 10km from Wassuk Range fault zone (ON FAULT)</description>
      <styleUrl>#isolated</styleUrl>
      <Point><coordinates>-118.7481,38.3945,0</coordinates></Point>
    </Placemark>
    <Placemark>
      <n>M4.15 — 6 km WNW of Wauna, Washington</n>
      <description>Network: EMSC
Time: 2026-09-29 21:05:56 UTC
Magnitude: 4.15  Depth: 27.92 km
Fault: 3km from Tacoma fault zone (ON FAULT)</description>
      <styleUrl>#isolated</styleUrl>
      <Point><coordinates>-122.722,47.400333333333,0</coordinates></Point>
    </Placemark>
    <Placemark>
      <n>M3.5 — KEPULAUAN TALAUD, INDONESIA</n>
      <description>Network: EMSC
Time: 2026-09-29 21:06:15 UTC
Magnitude: 3.5  Depth: 21.0 km
Fault: 59km from Unknown (fault zone)</description>
      <styleUrl>#isolated</styleUrl>
      <Point><coordinates>126.9,3.77,0</coordinates></Point>
    </Placemark>
    <Placemark>
      <n>M1.4 — 19 km WNW of Happy Valley, Alaska</n>
      <description>Network: MULTI
Time: 2026-09-29 21:07:43 UTC
Magnitude: 1.4  Depth: 53.9 km
Fault: 92km from Unknown (fault zone)</description>
      <styleUrl>#isolated</styleUrl>
      <Point><coordinates>-152.044,60.024,0</coordinates></Point>
    </Placemark>
    <Placemark>
      <n>M1.4 — WESTERN TURKEY</n>
      <description>Network: USGS
Time: 2026-09-29 21:17:55 UTC
Magnitude: 1.4  Depth: 12.2 km
Fault: 4km from Unknown (ON FAULT)</description>
      <styleUrl>#isolated</styleUrl>
      <Point><coordinates>27.9982,37.0913,0</coordinates></Point>
    </Placemark>
    <Placemark>
      <n>M1.44 — 20 km ESE of Little Lake, CA</n>
      <description>Network: USGS
Time: 2026-09-29 21:22:12 UTC
Magnitude: 1.44  Depth: 4.03 km
Fault: 7km from Airport Lake (ON FAULT)</description>
      <styleUrl>#isolated</styleUrl>
      <Point><coordinates>-117.69616666667,35.882666666667,0</coordinates></Point>
    </Placemark>
    <Placemark>
      <n>M2.5 — ANTOFAGASTA, CHILE</n>
      <description>Network: EMSC
Time: 2026-09-29 21:23:41 UTC
Magnitude: 2.5  Depth: 127.5 km
Fault: 100km from de Atacama segmento Salar del Carmen? (fault zone)</description>
      <styleUrl>#isolated</styleUrl>
      <Point><coordinates>-68.88,-22.05,0</coordinates></Point>
    </Placemark>
    <Placemark>
      <n>M3.2 — EASTERN XIZANG</n>
      <description>Network: USGS
Time: 2026-09-29 21:25:14 UTC
Magnitude: 3.2  Depth: 30.0 km
Fault: 41km from Unknown (near fault)</description>
      <styleUrl>#isolated</styleUrl>
      <Point><coordinates>92.386,30.052,0</coordinates></Point>
    </Placemark>
    <Placemark>
      <n>M2.4 — CENTRAL TURKEY</n>
      <description>Network: EMSC
Time: 2026-09-29 21:26:00 UTC
Magnitude: 2.4  Depth: 7.0 km
Fault: 6km from Unknown (ON FAULT)</description>
      <styleUrl>#isolated</styleUrl>
      <Point><coordinates>37.1453,38.0898,0</coordinates></Point>
    </Placemark>
    <Placemark>
      <n>M1.45 — 3 km ENE of Rancho San Diego, CA</n>
      <description>Network: USGS
Time: 2026-09-29 21:30:19 UTC
Magnitude: 1.45  Depth: 4.86 km
Fault: 25km from Rose Canyon (near fault)</description>
      <styleUrl>#isolated</styleUrl>
      <Point><coordinates>-116.9035,32.757166666667,0</coordinates></Point>
    </Placemark>
    <Placemark>
      <n>M1.15 — 6 km WNW of Cobb, CA</n>
      <description>Network: EMSC
Time: 2026-09-29 21:32:06 UTC
Magnitude: 1.15  Depth: 2.1199998855591 km
Fault: 4km from Collayami 2011 CFM (ON FAULT)</description>
      <styleUrl>#isolated</styleUrl>
      <Point><coordinates>-122.79483032227,38.836334228516,0</coordinates></Point>
    </Placemark>
    <Placemark>
      <n>M2.6 — COSTA RICA</n>
      <description>Network: EMSC
Time: 2026-09-29 21:34:05 UTC
Magnitude: 2.6  Depth: 17.0 km
Fault: 60km from Middle America Trench megathrust (fault zone)</description>
      <styleUrl>#isolated</styleUrl>
      <Point><coordinates>-85.9349,10.2361,0</coordinates></Point>
    </Placemark>
    <Placemark>
      <n>M0.77 — 7 km NW of The Geysers, CA</n>
      <description>Network: EMSC
Time: 2026-09-29 21:37:31 UTC
Magnitude: 0.77  Depth: 2.670000076294 km
Fault: 6km from Collayami 2011 CFM (ON FAULT)</description>
      <styleUrl>#isolated</styleUrl>
      <Point><coordinates>-122.81433105469,38.821998596191,0</coordinates></Point>
    </Placemark>
    <Placemark>
      <n>M1.3 — TURKEY-IRAN-IRAQ BORDER REGION</n>
      <description>Network: EMSC
Time: 2026-09-29 21:45:25 UTC
Magnitude: 1.3  Depth: 6.6 km
Fault: 14km from Unknown (near fault)</description>
      <styleUrl>#isolated</styleUrl>
      <Point><coordinates>44.0102,37.022,0</coordinates></Point>
    </Placemark>
    <Placemark>
      <n>M4.5 — 15 km SW of San Antonio, Colombia</n>
      <description>Network: MULTI
Time: 2026-09-29 21:50:29 UTC
Magnitude: 4.5  Depth: 10.0 km
Fault: 18km from IBAGUE_FAULT (near fault)</description>
      <styleUrl>#isolated</styleUrl>
      <Point><coordinates>-75.5906,3.8311,0</coordinates></Point>
    </Placemark>
    <Placemark>
      <n>M1.4 — EASTERN TURKEY</n>
      <description>Network: EMSC
Time: 2026-09-29 21:50:46 UTC
Magnitude: 1.4  Depth: 19.0 km
Fault: 24km from Unknown (near fault)</description>
      <styleUrl>#isolated</styleUrl>
      <Point><coordinates>41.1289,39.5509,0</coordinates></Point>
    </Placemark>
    <Placemark>
      <n>M1.2 — WESTERN TURKEY</n>
      <description>Network: EMSC
Time: 2026-09-29 21:52:20 UTC
Magnitude: 1.2  Depth: 7.0 km
Fault: 1km from Unknown (ON FAULT)</description>
      <styleUrl>#isolated</styleUrl>
      <Point><coordinates>28.1227,39.2148,0</coordinates></Point>
    </Placemark>
    <Placemark>
      <n>M3.5 — SERAM, INDONESIA</n>
      <description>Network: USGS
Time: 2026-09-29 22:09:00 UTC
Magnitude: 3.5  Depth: 10.0 km
Fault: 122km from Unknown (fault zone)</description>
      <styleUrl>#isolated</styleUrl>
      <Point><coordinates>127.63,-3.08,0</coordinates></Point>
    </Placemark>
    <Placemark>
      <n>M1.5 — EASTERN TURKEY</n>
      <description>Network: EMSC
Time: 2026-09-29 22:15:36 UTC
Magnitude: 1.5  Depth: 6.8 km
Fault: 1km from Unknown (ON FAULT)</description>
      <styleUrl>#isolated</styleUrl>
      <Point><coordinates>43.5789,39.7565,0</coordinates></Point>
    </Placemark>
    <Placemark>
      <n>M2.7 — JAVA, INDONESIA</n>
      <description>Network: EMSC
Time: 2026-09-29 22:18:18 UTC
Magnitude: 2.7  Depth: 27.0 km
Fault: 38km from Unknown (near fault)</description>
      <styleUrl>#isolated</styleUrl>
      <Point><coordinates>106.55,-7.63,0</coordinates></Point>
    </Placemark>
    <Placemark>
      <n>M1.0 — CENTRAL TURKEY</n>
      <description>Network: EMSC
Time: 2026-09-29 22:25:42 UTC
Magnitude: 1.0  Depth: 7.0 km
Fault: 4km from Unknown (ON FAULT)</description>
      <styleUrl>#isolated</styleUrl>
      <Point><coordinates>35.9327,37.193,0</coordinates></Point>
    </Placemark>
    <Placemark>
      <n>M1.5 — WESTERN TURKEY</n>
      <description>Network: USGS
Time: 2026-09-29 22:28:50 UTC
Magnitude: 1.5  Depth: 7.0 km
Fault: 5km from Unknown (ON FAULT)</description>
      <styleUrl>#isolated</styleUrl>
      <Point><coordinates>28.104,39.1845,0</coordinates></Point>
    </Placemark>
    <Placemark>
      <n>M1.9 — WESTERN TURKEY</n>
      <description>Network: MULTI
Time: 2026-09-29 22:41:54 UTC
Magnitude: 1.9  Depth: 7.0 km
Fault: 8km from Unknown (ON FAULT)</description>
      <styleUrl>#isolated</styleUrl>
      <Point><coordinates>31.773,40.1812,0</coordinates></Point>
    </Placemark>
    <Placemark>
      <n>M3.0 — OFFSHORE EL SALVADOR</n>
      <description>Network: USGS
Time: 2026-09-29 22:51:25 UTC
Magnitude: 3.0  Depth: 27.0 km
Fault: 71km from Santa Ana Fault (fault zone)</description>
      <styleUrl>#isolated</styleUrl>
      <Point><coordinates>-89.805,13.208,0</coordinates></Point>
    </Placemark>
    <Placemark>
      <n>M2.1 — BAJA CALIFORNIA, MEXICO</n>
      <description>Network: MULTI
Time: 2026-09-29 22:54:25 UTC
Magnitude: 2.1  Depth: 14.2 km
Fault: 5km from San Miguel (ON FAULT)</description>
      <styleUrl>#isolated</styleUrl>
      <Point><coordinates>-116.2152,31.9447,0</coordinates></Point>
    </Placemark>
    <Placemark>
      <n>M2.2 — 31 km WSW of Ivanof Bay, Alaska</n>
      <description>Network: EMSC
Time: 2026-09-29 22:59:28 UTC
Magnitude: 2.2  Depth: 5.0 km
Fault: 143km from Unknown (fault zone)</description>
      <styleUrl>#isolated</styleUrl>
      <Point><coordinates>-159.943,55.792,0</coordinates></Point>
    </Placemark>
    <Placemark>
      <n>M1.1 — 6 km E of Fox, Alaska</n>
      <description>Network: EMSC
Time: 2026-09-29 23:02:27 UTC
Magnitude: 1.1  Depth: 5.1 km
Fault: 85km from Unknown (fault zone)</description>
      <styleUrl>#isolated</styleUrl>
      <Point><coordinates>-147.476,64.953,0</coordinates></Point>
    </Placemark>
    <Placemark>
      <n>M2.8 — COQUIMBO, CHILE</n>
      <description>Network: USGS
Time: 2026-09-29 23:04:05 UTC
Magnitude: 2.8  Depth: 27.7 km
Fault: 78km from Unknown (fault zone)</description>
      <styleUrl>#isolated</styleUrl>
      <Point><coordinates>-71.64,-30.65,0</coordinates></Point>
    </Placemark>
  </Folder>
</Document>
</kml>